2026-01-14 09:18:32 ERROR initModbusdevice(66) initModbusdevice: could not open port 'COM3': FileNotFoundError(2, 'The system cannot find the file specified.', None, 2)
Traceback (most recent call last):
  File "C:\Users\vchikkay\Desktop\Eejo\Eejo_Shivamogga _V2_AfterEvent_Updated_Py_Updated\Eejo\Lib\ModbusLib.py", line 50, in initModbusdevice
    ModbusLibcls.instrument = minimalmodbus.Instrument(port=port, slaveaddress=slave_id)
                              ~~~~~~~~~~~~~~~~~~~~~~~~^^^^^^^^^^^^^^^^^^^^^^^^^^^^^^^^^^
  File "c:\Users\vchikkay\AppData\Local\Programs\Python\Python313\Lib\site-packages\minimalmodbus.py", line 225, in __init__
    self.serial = _serialports[port] = serial.Serial(
                                       ~~~~~~~~~~~~~^
        port=port,
        ^^^^^^^^^^
    ...<5 lines>...
        write_timeout=2.0,
        ^^^^^^^^^^^^^^^^^^
    )
    ^
  File "c:\Users\vchikkay\AppData\Local\Programs\Python\Python313\Lib\site-packages\serial\serialwin32.py", line 33, in __init__
    super(Serial, self).__init__(*args, **kwargs)
    ~~~~~~~~~~~~~~~~~~~~~~~~~~~~^^^^^^^^^^^^^^^^^
  File "c:\Users\vchikkay\AppData\Local\Programs\Python\Python313\Lib\site-packages\serial\serialutil.py", line 244, in __init__
    self.open()
    ~~~~~~~~~^^
  File "c:\Users\vchikkay\AppData\Local\Programs\Python\Python313\Lib\site-packages\serial\serialwin32.py", line 64, in open
    raise SerialException("could not open port {!r}: {!r}".format(self.portstr, ctypes.WinError()))
serial.serialutil.SerialException: could not open port 'COM3': FileNotFoundError(2, 'The system cannot find the file specified.', None, 2)

2026-01-14 09:18:32 INFO init_ComServices(330) Modbus device connected.
2026-01-14 09:18:32 ERROR get_json_from_file(398) get_json_from_file failed
Traceback (most recent call last):
  File "C:\Users\vchikkay\Desktop\Eejo\Eejo_Shivamogga _V2_AfterEvent_Updated_Py_Updated\Eejo\Lib\FirebaseHelper.py", line 396, in get_json_from_file
    return json.load(f)
           ~~~~~~~~~^^^
  File "c:\Users\vchikkay\AppData\Local\Programs\Python\Python313\Lib\json\__init__.py", line 293, in load
    return loads(fp.read(),
        cls=cls, object_hook=object_hook,
        parse_float=parse_float, parse_int=parse_int,
        parse_constant=parse_constant, object_pairs_hook=object_pairs_hook, **kw)
  File "c:\Users\vchikkay\AppData\Local\Programs\Python\Python313\Lib\json\__init__.py", line 346, in loads
    return _default_decoder.decode(s)
           ~~~~~~~~~~~~~~~~~~~~~~~^^^
  File "c:\Users\vchikkay\AppData\Local\Programs\Python\Python313\Lib\json\decoder.py", line 345, in decode
    obj, end = self.raw_decode(s, idx=_w(s, 0).end())
               ~~~~~~~~~~~~~~~^^^^^^^^^^^^^^^^^^^^^^^
  File "c:\Users\vchikkay\AppData\Local\Programs\Python\Python313\Lib\json\decoder.py", line 363, in raw_decode
    raise JSONDecodeError("Expecting value", s, err.value) from None
json.decoder.JSONDecodeError: Expecting value: line 1 column 1 (char 0)

2026-01-14 09:18:32 ERROR sync_file_with_previous_results(527) sync_file_with_previous_results failed
Traceback (most recent call last):
  File "C:\Users\vchikkay\Desktop\Eejo\Eejo_Shivamogga _V2_AfterEvent_Updated_Py_Updated\Eejo\Lib\FirebaseHelper.py", line 518, in sync_file_with_previous_results
    heats = events[event_index].get("HeatList", [])
            ~~~~~~^^^^^^^^^^^^^
KeyError: 0

2026-01-14 09:18:33 ERROR generate_heat_update_lists_for_firebase(217) generate_heat_update_lists_for_firebase failed
Traceback (most recent call last):
  File "C:\Users\vchikkay\Desktop\Eejo\Eejo_Shivamogga _V2_AfterEvent_Updated_Py_Updated\Eejo\Lib\FirebaseHelper.py", line 205, in generate_heat_update_lists_for_firebase
    heat_list_L = LocalData[event].get("HeatList", [])
                  ~~~~~~~~~^^^^^^^
KeyError: 0

2026-01-14 09:18:36 ERROR ReadModbusData(119) ReadModbusData: 'NoneType' object has no attribute 'read_registers'
Traceback (most recent call last):
  File "C:\Users\vchikkay\Desktop\Eejo\Eejo_Shivamogga _V2_AfterEvent_Updated_Py_Updated\Eejo\Lib\ModbusLib.py", line 104, in ReadModbusData
    ModbusLibcls.regval = ModbusLibcls.instrument.read_registers(0, 7)
                          ^^^^^^^^^^^^^^^^^^^^^^^^^^^^^^^^^^^^^^
AttributeError: 'NoneType' object has no attribute 'read_registers'

2026-01-14 09:18:36 INFO control_loop(213) control_loop: Waiting to start next heat
2026-01-14 09:18:36 INFO control_loop(225) control_loop: Loaded Heat 100_IM_G01_B_1
2026-01-14 09:18:36 INFO prepare_heat(126) Board 0 mapped to MODSwitchBits index 6
2026-01-14 09:18:36 INFO prepare_heat(126) Board 1 mapped to MODSwitchBits index 7
2026-01-14 09:18:36 INFO prepare_heat(126) Board 2 mapped to MODSwitchBits index 3
2026-01-14 09:18:36 INFO prepare_heat(126) Board 3 mapped to MODSwitchBits index 22
2026-01-14 09:18:36 INFO prepare_heat(126) Board 4 mapped to MODSwitchBits index -1
2026-01-14 09:18:36 INFO prepare_heat(126) Board 5 mapped to MODSwitchBits index -1
2026-01-14 09:18:36 ERROR ReadModbusData(119) ReadModbusData: 'NoneType' object has no attribute 'read_registers'
Traceback (most recent call last):
  File "C:\Users\vchikkay\Desktop\Eejo\Eejo_Shivamogga _V2_AfterEvent_Updated_Py_Updated\Eejo\Lib\ModbusLib.py", line 104, in ReadModbusData
    ModbusLibcls.regval = ModbusLibcls.instrument.read_registers(0, 7)
                          ^^^^^^^^^^^^^^^^^^^^^^^^^^^^^^^^^^^^^^
AttributeError: 'NoneType' object has no attribute 'read_registers'

2026-01-14 09:18:36 ERROR ReadModbusData(119) ReadModbusData: 'NoneType' object has no attribute 'read_registers'
Traceback (most recent call last):
  File "C:\Users\vchikkay\Desktop\Eejo\Eejo_Shivamogga _V2_AfterEvent_Updated_Py_Updated\Eejo\Lib\ModbusLib.py", line 104, in ReadModbusData
    ModbusLibcls.regval = ModbusLibcls.instrument.read_registers(0, 7)
                          ^^^^^^^^^^^^^^^^^^^^^^^^^^^^^^^^^^^^^^
AttributeError: 'NoneType' object has no attribute 'read_registers'

2026-01-14 09:18:36 ERROR ReadModbusData(119) ReadModbusData: 'NoneType' object has no attribute 'read_registers'
Traceback (most recent call last):
  File "C:\Users\vchikkay\Desktop\Eejo\Eejo_Shivamogga _V2_AfterEvent_Updated_Py_Updated\Eejo\Lib\ModbusLib.py", line 104, in ReadModbusData
    ModbusLibcls.regval = ModbusLibcls.instrument.read_registers(0, 7)
                          ^^^^^^^^^^^^^^^^^^^^^^^^^^^^^^^^^^^^^^
AttributeError: 'NoneType' object has no attribute 'read_registers'

2026-01-14 09:18:37 ERROR ReadModbusData(119) ReadModbusData: 'NoneType' object has no attribute 'read_registers'
Traceback (most recent call last):
  File "C:\Users\vchikkay\Desktop\Eejo\Eejo_Shivamogga _V2_AfterEvent_Updated_Py_Updated\Eejo\Lib\ModbusLib.py", line 104, in ReadModbusData
    ModbusLibcls.regval = ModbusLibcls.instrument.read_registers(0, 7)
                          ^^^^^^^^^^^^^^^^^^^^^^^^^^^^^^^^^^^^^^
AttributeError: 'NoneType' object has no attribute 'read_registers'

2026-01-14 09:18:37 ERROR ReadModbusData(119) ReadModbusData: 'NoneType' object has no attribute 'read_registers'
Traceback (most recent call last):
  File "C:\Users\vchikkay\Desktop\Eejo\Eejo_Shivamogga _V2_AfterEvent_Updated_Py_Updated\Eejo\Lib\ModbusLib.py", line 104, in ReadModbusData
    ModbusLibcls.regval = ModbusLibcls.instrument.read_registers(0, 7)
                          ^^^^^^^^^^^^^^^^^^^^^^^^^^^^^^^^^^^^^^
AttributeError: 'NoneType' object has no attribute 'read_registers'

2026-01-14 09:18:37 ERROR ReadModbusData(119) ReadModbusData: 'NoneType' object has no attribute 'read_registers'
Traceback (most recent call last):
  File "C:\Users\vchikkay\Desktop\Eejo\Eejo_Shivamogga _V2_AfterEvent_Updated_Py_Updated\Eejo\Lib\ModbusLib.py", line 104, in ReadModbusData
    ModbusLibcls.regval = ModbusLibcls.instrument.read_registers(0, 7)
                          ^^^^^^^^^^^^^^^^^^^^^^^^^^^^^^^^^^^^^^
AttributeError: 'NoneType' object has no attribute 'read_registers'

2026-01-14 09:18:37 ERROR ReadModbusData(119) ReadModbusData: 'NoneType' object has no attribute 'read_registers'
Traceback (most recent call last):
  File "C:\Users\vchikkay\Desktop\Eejo\Eejo_Shivamogga _V2_AfterEvent_Updated_Py_Updated\Eejo\Lib\ModbusLib.py", line 104, in ReadModbusData
    ModbusLibcls.regval = ModbusLibcls.instrument.read_registers(0, 7)
                          ^^^^^^^^^^^^^^^^^^^^^^^^^^^^^^^^^^^^^^
AttributeError: 'NoneType' object has no attribute 'read_registers'

2026-01-14 09:18:37 ERROR ReadModbusData(119) ReadModbusData: 'NoneType' object has no attribute 'read_registers'
Traceback (most recent call last):
  File "C:\Users\vchikkay\Desktop\Eejo\Eejo_Shivamogga _V2_AfterEvent_Updated_Py_Updated\Eejo\Lib\ModbusLib.py", line 104, in ReadModbusData
    ModbusLibcls.regval = ModbusLibcls.instrument.read_registers(0, 7)
                          ^^^^^^^^^^^^^^^^^^^^^^^^^^^^^^^^^^^^^^
AttributeError: 'NoneType' object has no attribute 'read_registers'

2026-01-14 09:18:37 ERROR ReadModbusData(119) ReadModbusData: 'NoneType' object has no attribute 'read_registers'
Traceback (most recent call last):
  File "C:\Users\vchikkay\Desktop\Eejo\Eejo_Shivamogga _V2_AfterEvent_Updated_Py_Updated\Eejo\Lib\ModbusLib.py", line 104, in ReadModbusData
    ModbusLibcls.regval = ModbusLibcls.instrument.read_registers(0, 7)
                          ^^^^^^^^^^^^^^^^^^^^^^^^^^^^^^^^^^^^^^
AttributeError: 'NoneType' object has no attribute 'read_registers'

2026-01-14 09:18:37 ERROR ReadModbusData(119) ReadModbusData: 'NoneType' object has no attribute 'read_registers'
Traceback (most recent call last):
  File "C:\Users\vchikkay\Desktop\Eejo\Eejo_Shivamogga _V2_AfterEvent_Updated_Py_Updated\Eejo\Lib\ModbusLib.py", line 104, in ReadModbusData
    ModbusLibcls.regval = ModbusLibcls.instrument.read_registers(0, 7)
                          ^^^^^^^^^^^^^^^^^^^^^^^^^^^^^^^^^^^^^^
AttributeError: 'NoneType' object has no attribute 'read_registers'

2026-01-14 09:18:37 ERROR ReadModbusData(119) ReadModbusData: 'NoneType' object has no attribute 'read_registers'
Traceback (most recent call last):
  File "C:\Users\vchikkay\Desktop\Eejo\Eejo_Shivamogga _V2_AfterEvent_Updated_Py_Updated\Eejo\Lib\ModbusLib.py", line 104, in ReadModbusData
    ModbusLibcls.regval = ModbusLibcls.instrument.read_registers(0, 7)
                          ^^^^^^^^^^^^^^^^^^^^^^^^^^^^^^^^^^^^^^
AttributeError: 'NoneType' object has no attribute 'read_registers'

2026-01-14 09:18:37 ERROR ReadModbusData(119) ReadModbusData: 'NoneType' object has no attribute 'read_registers'
Traceback (most recent call last):
  File "C:\Users\vchikkay\Desktop\Eejo\Eejo_Shivamogga _V2_AfterEvent_Updated_Py_Updated\Eejo\Lib\ModbusLib.py", line 104, in ReadModbusData
    ModbusLibcls.regval = ModbusLibcls.instrument.read_registers(0, 7)
                          ^^^^^^^^^^^^^^^^^^^^^^^^^^^^^^^^^^^^^^
AttributeError: 'NoneType' object has no attribute 'read_registers'

2026-01-14 09:18:37 ERROR ReadModbusData(119) ReadModbusData: 'NoneType' object has no attribute 'read_registers'
Traceback (most recent call last):
  File "C:\Users\vchikkay\Desktop\Eejo\Eejo_Shivamogga _V2_AfterEvent_Updated_Py_Updated\Eejo\Lib\ModbusLib.py", line 104, in ReadModbusData
    ModbusLibcls.regval = ModbusLibcls.instrument.read_registers(0, 7)
                          ^^^^^^^^^^^^^^^^^^^^^^^^^^^^^^^^^^^^^^
AttributeError: 'NoneType' object has no attribute 'read_registers'

2026-01-14 09:18:37 ERROR ReadModbusData(119) ReadModbusData: 'NoneType' object has no attribute 'read_registers'
Traceback (most recent call last):
  File "C:\Users\vchikkay\Desktop\Eejo\Eejo_Shivamogga _V2_AfterEvent_Updated_Py_Updated\Eejo\Lib\ModbusLib.py", line 104, in ReadModbusData
    ModbusLibcls.regval = ModbusLibcls.instrument.read_registers(0, 7)
                          ^^^^^^^^^^^^^^^^^^^^^^^^^^^^^^^^^^^^^^
AttributeError: 'NoneType' object has no attribute 'read_registers'

2026-01-14 09:18:37 ERROR ReadModbusData(119) ReadModbusData: 'NoneType' object has no attribute 'read_registers'
Traceback (most recent call last):
  File "C:\Users\vchikkay\Desktop\Eejo\Eejo_Shivamogga _V2_AfterEvent_Updated_Py_Updated\Eejo\Lib\ModbusLib.py", line 104, in ReadModbusData
    ModbusLibcls.regval = ModbusLibcls.instrument.read_registers(0, 7)
                          ^^^^^^^^^^^^^^^^^^^^^^^^^^^^^^^^^^^^^^
AttributeError: 'NoneType' object has no attribute 'read_registers'

2026-01-14 09:18:37 ERROR ReadModbusData(119) ReadModbusData: 'NoneType' object has no attribute 'read_registers'
Traceback (most recent call last):
  File "C:\Users\vchikkay\Desktop\Eejo\Eejo_Shivamogga _V2_AfterEvent_Updated_Py_Updated\Eejo\Lib\ModbusLib.py", line 104, in ReadModbusData
    ModbusLibcls.regval = ModbusLibcls.instrument.read_registers(0, 7)
                          ^^^^^^^^^^^^^^^^^^^^^^^^^^^^^^^^^^^^^^
AttributeError: 'NoneType' object has no attribute 'read_registers'

2026-01-14 09:18:37 ERROR ReadModbusData(119) ReadModbusData: 'NoneType' object has no attribute 'read_registers'
Traceback (most recent call last):
  File "C:\Users\vchikkay\Desktop\Eejo\Eejo_Shivamogga _V2_AfterEvent_Updated_Py_Updated\Eejo\Lib\ModbusLib.py", line 104, in ReadModbusData
    ModbusLibcls.regval = ModbusLibcls.instrument.read_registers(0, 7)
                          ^^^^^^^^^^^^^^^^^^^^^^^^^^^^^^^^^^^^^^
AttributeError: 'NoneType' object has no attribute 'read_registers'

2026-01-14 09:18:37 ERROR ReadModbusData(119) ReadModbusData: 'NoneType' object has no attribute 'read_registers'
Traceback (most recent call last):
  File "C:\Users\vchikkay\Desktop\Eejo\Eejo_Shivamogga _V2_AfterEvent_Updated_Py_Updated\Eejo\Lib\ModbusLib.py", line 104, in ReadModbusData
    ModbusLibcls.regval = ModbusLibcls.instrument.read_registers(0, 7)
                          ^^^^^^^^^^^^^^^^^^^^^^^^^^^^^^^^^^^^^^
AttributeError: 'NoneType' object has no attribute 'read_registers'

2026-01-14 09:18:37 ERROR ReadModbusData(119) ReadModbusData: 'NoneType' object has no attribute 'read_registers'
Traceback (most recent call last):
  File "C:\Users\vchikkay\Desktop\Eejo\Eejo_Shivamogga _V2_AfterEvent_Updated_Py_Updated\Eejo\Lib\ModbusLib.py", line 104, in ReadModbusData
    ModbusLibcls.regval = ModbusLibcls.instrument.read_registers(0, 7)
                          ^^^^^^^^^^^^^^^^^^^^^^^^^^^^^^^^^^^^^^
AttributeError: 'NoneType' object has no attribute 'read_registers'

2026-01-14 09:18:38 ERROR ReadModbusData(119) ReadModbusData: 'NoneType' object has no attribute 'read_registers'
Traceback (most recent call last):
  File "C:\Users\vchikkay\Desktop\Eejo\Eejo_Shivamogga _V2_AfterEvent_Updated_Py_Updated\Eejo\Lib\ModbusLib.py", line 104, in ReadModbusData
    ModbusLibcls.regval = ModbusLibcls.instrument.read_registers(0, 7)
                          ^^^^^^^^^^^^^^^^^^^^^^^^^^^^^^^^^^^^^^
AttributeError: 'NoneType' object has no attribute 'read_registers'

2026-01-14 09:18:38 ERROR ReadModbusData(119) ReadModbusData: 'NoneType' object has no attribute 'read_registers'
Traceback (most recent call last):
  File "C:\Users\vchikkay\Desktop\Eejo\Eejo_Shivamogga _V2_AfterEvent_Updated_Py_Updated\Eejo\Lib\ModbusLib.py", line 104, in ReadModbusData
    ModbusLibcls.regval = ModbusLibcls.instrument.read_registers(0, 7)
                          ^^^^^^^^^^^^^^^^^^^^^^^^^^^^^^^^^^^^^^
AttributeError: 'NoneType' object has no attribute 'read_registers'

2026-01-14 09:18:38 ERROR ReadModbusData(119) ReadModbusData: 'NoneType' object has no attribute 'read_registers'
Traceback (most recent call last):
  File "C:\Users\vchikkay\Desktop\Eejo\Eejo_Shivamogga _V2_AfterEvent_Updated_Py_Updated\Eejo\Lib\ModbusLib.py", line 104, in ReadModbusData
    ModbusLibcls.regval = ModbusLibcls.instrument.read_registers(0, 7)
                          ^^^^^^^^^^^^^^^^^^^^^^^^^^^^^^^^^^^^^^
AttributeError: 'NoneType' object has no attribute 'read_registers'

2026-01-14 09:18:38 ERROR ReadModbusData(119) ReadModbusData: 'NoneType' object has no attribute 'read_registers'
Traceback (most recent call last):
  File "C:\Users\vchikkay\Desktop\Eejo\Eejo_Shivamogga _V2_AfterEvent_Updated_Py_Updated\Eejo\Lib\ModbusLib.py", line 104, in ReadModbusData
    ModbusLibcls.regval = ModbusLibcls.instrument.read_registers(0, 7)
                          ^^^^^^^^^^^^^^^^^^^^^^^^^^^^^^^^^^^^^^
AttributeError: 'NoneType' object has no attribute 'read_registers'

2026-01-14 09:18:38 ERROR ReadModbusData(119) ReadModbusData: 'NoneType' object has no attribute 'read_registers'
Traceback (most recent call last):
  File "C:\Users\vchikkay\Desktop\Eejo\Eejo_Shivamogga _V2_AfterEvent_Updated_Py_Updated\Eejo\Lib\ModbusLib.py", line 104, in ReadModbusData
    ModbusLibcls.regval = ModbusLibcls.instrument.read_registers(0, 7)
                          ^^^^^^^^^^^^^^^^^^^^^^^^^^^^^^^^^^^^^^
AttributeError: 'NoneType' object has no attribute 'read_registers'

2026-01-14 09:18:38 ERROR ReadModbusData(119) ReadModbusData: 'NoneType' object has no attribute 'read_registers'
Traceback (most recent call last):
  File "C:\Users\vchikkay\Desktop\Eejo\Eejo_Shivamogga _V2_AfterEvent_Updated_Py_Updated\Eejo\Lib\ModbusLib.py", line 104, in ReadModbusData
    ModbusLibcls.regval = ModbusLibcls.instrument.read_registers(0, 7)
                          ^^^^^^^^^^^^^^^^^^^^^^^^^^^^^^^^^^^^^^
AttributeError: 'NoneType' object has no attribute 'read_registers'

2026-01-14 09:18:38 ERROR ReadModbusData(119) ReadModbusData: 'NoneType' object has no attribute 'read_registers'
Traceback (most recent call last):
  File "C:\Users\vchikkay\Desktop\Eejo\Eejo_Shivamogga _V2_AfterEvent_Updated_Py_Updated\Eejo\Lib\ModbusLib.py", line 104, in ReadModbusData
    ModbusLibcls.regval = ModbusLibcls.instrument.read_registers(0, 7)
                          ^^^^^^^^^^^^^^^^^^^^^^^^^^^^^^^^^^^^^^
AttributeError: 'NoneType' object has no attribute 'read_registers'

2026-01-14 09:18:38 ERROR ReadModbusData(119) ReadModbusData: 'NoneType' object has no attribute 'read_registers'
Traceback (most recent call last):
  File "C:\Users\vchikkay\Desktop\Eejo\Eejo_Shivamogga _V2_AfterEvent_Updated_Py_Updated\Eejo\Lib\ModbusLib.py", line 104, in ReadModbusData
    ModbusLibcls.regval = ModbusLibcls.instrument.read_registers(0, 7)
                          ^^^^^^^^^^^^^^^^^^^^^^^^^^^^^^^^^^^^^^
AttributeError: 'NoneType' object has no attribute 'read_registers'

2026-01-14 09:18:38 ERROR ReadModbusData(119) ReadModbusData: 'NoneType' object has no attribute 'read_registers'
Traceback (most recent call last):
  File "C:\Users\vchikkay\Desktop\Eejo\Eejo_Shivamogga _V2_AfterEvent_Updated_Py_Updated\Eejo\Lib\ModbusLib.py", line 104, in ReadModbusData
    ModbusLibcls.regval = ModbusLibcls.instrument.read_registers(0, 7)
                          ^^^^^^^^^^^^^^^^^^^^^^^^^^^^^^^^^^^^^^
AttributeError: 'NoneType' object has no attribute 'read_registers'

2026-01-14 09:18:38 ERROR ReadModbusData(119) ReadModbusData: 'NoneType' object has no attribute 'read_registers'
Traceback (most recent call last):
  File "C:\Users\vchikkay\Desktop\Eejo\Eejo_Shivamogga _V2_AfterEvent_Updated_Py_Updated\Eejo\Lib\ModbusLib.py", line 104, in ReadModbusData
    ModbusLibcls.regval = ModbusLibcls.instrument.read_registers(0, 7)
                          ^^^^^^^^^^^^^^^^^^^^^^^^^^^^^^^^^^^^^^
AttributeError: 'NoneType' object has no attribute 'read_registers'

2026-01-14 09:18:38 ERROR ReadModbusData(119) ReadModbusData: 'NoneType' object has no attribute 'read_registers'
Traceback (most recent call last):
  File "C:\Users\vchikkay\Desktop\Eejo\Eejo_Shivamogga _V2_AfterEvent_Updated_Py_Updated\Eejo\Lib\ModbusLib.py", line 104, in ReadModbusData
    ModbusLibcls.regval = ModbusLibcls.instrument.read_registers(0, 7)
                          ^^^^^^^^^^^^^^^^^^^^^^^^^^^^^^^^^^^^^^
AttributeError: 'NoneType' object has no attribute 'read_registers'

2026-01-14 09:18:38 ERROR ReadModbusData(119) ReadModbusData: 'NoneType' object has no attribute 'read_registers'
Traceback (most recent call last):
  File "C:\Users\vchikkay\Desktop\Eejo\Eejo_Shivamogga _V2_AfterEvent_Updated_Py_Updated\Eejo\Lib\ModbusLib.py", line 104, in ReadModbusData
    ModbusLibcls.regval = ModbusLibcls.instrument.read_registers(0, 7)
                          ^^^^^^^^^^^^^^^^^^^^^^^^^^^^^^^^^^^^^^
AttributeError: 'NoneType' object has no attribute 'read_registers'

2026-01-14 09:18:38 ERROR ReadModbusData(119) ReadModbusData: 'NoneType' object has no attribute 'read_registers'
Traceback (most recent call last):
  File "C:\Users\vchikkay\Desktop\Eejo\Eejo_Shivamogga _V2_AfterEvent_Updated_Py_Updated\Eejo\Lib\ModbusLib.py", line 104, in ReadModbusData
    ModbusLibcls.regval = ModbusLibcls.instrument.read_registers(0, 7)
                          ^^^^^^^^^^^^^^^^^^^^^^^^^^^^^^^^^^^^^^
AttributeError: 'NoneType' object has no attribute 'read_registers'

2026-01-14 09:18:38 ERROR ReadModbusData(119) ReadModbusData: 'NoneType' object has no attribute 'read_registers'
Traceback (most recent call last):
  File "C:\Users\vchikkay\Desktop\Eejo\Eejo_Shivamogga _V2_AfterEvent_Updated_Py_Updated\Eejo\Lib\ModbusLib.py", line 104, in ReadModbusData
    ModbusLibcls.regval = ModbusLibcls.instrument.read_registers(0, 7)
                          ^^^^^^^^^^^^^^^^^^^^^^^^^^^^^^^^^^^^^^
AttributeError: 'NoneType' object has no attribute 'read_registers'

2026-01-14 09:18:38 ERROR ReadModbusData(119) ReadModbusData: 'NoneType' object has no attribute 'read_registers'
Traceback (most recent call last):
  File "C:\Users\vchikkay\Desktop\Eejo\Eejo_Shivamogga _V2_AfterEvent_Updated_Py_Updated\Eejo\Lib\ModbusLib.py", line 104, in ReadModbusData
    ModbusLibcls.regval = ModbusLibcls.instrument.read_registers(0, 7)
                          ^^^^^^^^^^^^^^^^^^^^^^^^^^^^^^^^^^^^^^
AttributeError: 'NoneType' object has no attribute 'read_registers'

2026-01-14 09:18:38 ERROR ReadModbusData(119) ReadModbusData: 'NoneType' object has no attribute 'read_registers'
Traceback (most recent call last):
  File "C:\Users\vchikkay\Desktop\Eejo\Eejo_Shivamogga _V2_AfterEvent_Updated_Py_Updated\Eejo\Lib\ModbusLib.py", line 104, in ReadModbusData
    ModbusLibcls.regval = ModbusLibcls.instrument.read_registers(0, 7)
                          ^^^^^^^^^^^^^^^^^^^^^^^^^^^^^^^^^^^^^^
AttributeError: 'NoneType' object has no attribute 'read_registers'

2026-01-14 09:18:39 ERROR ReadModbusData(119) ReadModbusData: 'NoneType' object has no attribute 'read_registers'
Traceback (most recent call last):
  File "C:\Users\vchikkay\Desktop\Eejo\Eejo_Shivamogga _V2_AfterEvent_Updated_Py_Updated\Eejo\Lib\ModbusLib.py", line 104, in ReadModbusData
    ModbusLibcls.regval = ModbusLibcls.instrument.read_registers(0, 7)
                          ^^^^^^^^^^^^^^^^^^^^^^^^^^^^^^^^^^^^^^
AttributeError: 'NoneType' object has no attribute 'read_registers'

2026-01-14 09:18:39 ERROR ReadModbusData(119) ReadModbusData: 'NoneType' object has no attribute 'read_registers'
Traceback (most recent call last):
  File "C:\Users\vchikkay\Desktop\Eejo\Eejo_Shivamogga _V2_AfterEvent_Updated_Py_Updated\Eejo\Lib\ModbusLib.py", line 104, in ReadModbusData
    ModbusLibcls.regval = ModbusLibcls.instrument.read_registers(0, 7)
                          ^^^^^^^^^^^^^^^^^^^^^^^^^^^^^^^^^^^^^^
AttributeError: 'NoneType' object has no attribute 'read_registers'

2026-01-14 09:18:39 ERROR ReadModbusData(119) ReadModbusData: 'NoneType' object has no attribute 'read_registers'
Traceback (most recent call last):
  File "C:\Users\vchikkay\Desktop\Eejo\Eejo_Shivamogga _V2_AfterEvent_Updated_Py_Updated\Eejo\Lib\ModbusLib.py", line 104, in ReadModbusData
    ModbusLibcls.regval = ModbusLibcls.instrument.read_registers(0, 7)
                          ^^^^^^^^^^^^^^^^^^^^^^^^^^^^^^^^^^^^^^
AttributeError: 'NoneType' object has no attribute 'read_registers'

2026-01-14 09:18:39 ERROR ReadModbusData(119) ReadModbusData: 'NoneType' object has no attribute 'read_registers'
Traceback (most recent call last):
  File "C:\Users\vchikkay\Desktop\Eejo\Eejo_Shivamogga _V2_AfterEvent_Updated_Py_Updated\Eejo\Lib\ModbusLib.py", line 104, in ReadModbusData
    ModbusLibcls.regval = ModbusLibcls.instrument.read_registers(0, 7)
                          ^^^^^^^^^^^^^^^^^^^^^^^^^^^^^^^^^^^^^^
AttributeError: 'NoneType' object has no attribute 'read_registers'

2026-01-14 09:18:39 ERROR ReadModbusData(119) ReadModbusData: 'NoneType' object has no attribute 'read_registers'
Traceback (most recent call last):
  File "C:\Users\vchikkay\Desktop\Eejo\Eejo_Shivamogga _V2_AfterEvent_Updated_Py_Updated\Eejo\Lib\ModbusLib.py", line 104, in ReadModbusData
    ModbusLibcls.regval = ModbusLibcls.instrument.read_registers(0, 7)
                          ^^^^^^^^^^^^^^^^^^^^^^^^^^^^^^^^^^^^^^
AttributeError: 'NoneType' object has no attribute 'read_registers'

2026-01-14 09:18:39 ERROR ReadModbusData(119) ReadModbusData: 'NoneType' object has no attribute 'read_registers'
Traceback (most recent call last):
  File "C:\Users\vchikkay\Desktop\Eejo\Eejo_Shivamogga _V2_AfterEvent_Updated_Py_Updated\Eejo\Lib\ModbusLib.py", line 104, in ReadModbusData
    ModbusLibcls.regval = ModbusLibcls.instrument.read_registers(0, 7)
                          ^^^^^^^^^^^^^^^^^^^^^^^^^^^^^^^^^^^^^^
AttributeError: 'NoneType' object has no attribute 'read_registers'

2026-01-14 09:18:39 ERROR ReadModbusData(119) ReadModbusData: 'NoneType' object has no attribute 'read_registers'
Traceback (most recent call last):
  File "C:\Users\vchikkay\Desktop\Eejo\Eejo_Shivamogga _V2_AfterEvent_Updated_Py_Updated\Eejo\Lib\ModbusLib.py", line 104, in ReadModbusData
    ModbusLibcls.regval = ModbusLibcls.instrument.read_registers(0, 7)
                          ^^^^^^^^^^^^^^^^^^^^^^^^^^^^^^^^^^^^^^
AttributeError: 'NoneType' object has no attribute 'read_registers'

2026-01-14 09:18:39 ERROR ReadModbusData(119) ReadModbusData: 'NoneType' object has no attribute 'read_registers'
Traceback (most recent call last):
  File "C:\Users\vchikkay\Desktop\Eejo\Eejo_Shivamogga _V2_AfterEvent_Updated_Py_Updated\Eejo\Lib\ModbusLib.py", line 104, in ReadModbusData
    ModbusLibcls.regval = ModbusLibcls.instrument.read_registers(0, 7)
                          ^^^^^^^^^^^^^^^^^^^^^^^^^^^^^^^^^^^^^^
AttributeError: 'NoneType' object has no attribute 'read_registers'

2026-01-14 09:18:39 ERROR ReadModbusData(119) ReadModbusData: 'NoneType' object has no attribute 'read_registers'
Traceback (most recent call last):
  File "C:\Users\vchikkay\Desktop\Eejo\Eejo_Shivamogga _V2_AfterEvent_Updated_Py_Updated\Eejo\Lib\ModbusLib.py", line 104, in ReadModbusData
    ModbusLibcls.regval = ModbusLibcls.instrument.read_registers(0, 7)
                          ^^^^^^^^^^^^^^^^^^^^^^^^^^^^^^^^^^^^^^
AttributeError: 'NoneType' object has no attribute 'read_registers'

2026-01-14 09:18:39 ERROR ReadModbusData(119) ReadModbusData: 'NoneType' object has no attribute 'read_registers'
Traceback (most recent call last):
  File "C:\Users\vchikkay\Desktop\Eejo\Eejo_Shivamogga _V2_AfterEvent_Updated_Py_Updated\Eejo\Lib\ModbusLib.py", line 104, in ReadModbusData
    ModbusLibcls.regval = ModbusLibcls.instrument.read_registers(0, 7)
                          ^^^^^^^^^^^^^^^^^^^^^^^^^^^^^^^^^^^^^^
AttributeError: 'NoneType' object has no attribute 'read_registers'

2026-01-14 09:18:39 ERROR ReadModbusData(119) ReadModbusData: 'NoneType' object has no attribute 'read_registers'
Traceback (most recent call last):
  File "C:\Users\vchikkay\Desktop\Eejo\Eejo_Shivamogga _V2_AfterEvent_Updated_Py_Updated\Eejo\Lib\ModbusLib.py", line 104, in ReadModbusData
    ModbusLibcls.regval = ModbusLibcls.instrument.read_registers(0, 7)
                          ^^^^^^^^^^^^^^^^^^^^^^^^^^^^^^^^^^^^^^
AttributeError: 'NoneType' object has no attribute 'read_registers'

2026-01-14 09:18:39 ERROR ReadModbusData(119) ReadModbusData: 'NoneType' object has no attribute 'read_registers'
Traceback (most recent call last):
  File "C:\Users\vchikkay\Desktop\Eejo\Eejo_Shivamogga _V2_AfterEvent_Updated_Py_Updated\Eejo\Lib\ModbusLib.py", line 104, in ReadModbusData
    ModbusLibcls.regval = ModbusLibcls.instrument.read_registers(0, 7)
                          ^^^^^^^^^^^^^^^^^^^^^^^^^^^^^^^^^^^^^^
AttributeError: 'NoneType' object has no attribute 'read_registers'

2026-01-14 09:18:39 ERROR ReadModbusData(119) ReadModbusData: 'NoneType' object has no attribute 'read_registers'
Traceback (most recent call last):
  File "C:\Users\vchikkay\Desktop\Eejo\Eejo_Shivamogga _V2_AfterEvent_Updated_Py_Updated\Eejo\Lib\ModbusLib.py", line 104, in ReadModbusData
    ModbusLibcls.regval = ModbusLibcls.instrument.read_registers(0, 7)
                          ^^^^^^^^^^^^^^^^^^^^^^^^^^^^^^^^^^^^^^
AttributeError: 'NoneType' object has no attribute 'read_registers'

2026-01-14 09:18:39 ERROR ReadModbusData(119) ReadModbusData: 'NoneType' object has no attribute 'read_registers'
Traceback (most recent call last):
  File "C:\Users\vchikkay\Desktop\Eejo\Eejo_Shivamogga _V2_AfterEvent_Updated_Py_Updated\Eejo\Lib\ModbusLib.py", line 104, in ReadModbusData
    ModbusLibcls.regval = ModbusLibcls.instrument.read_registers(0, 7)
                          ^^^^^^^^^^^^^^^^^^^^^^^^^^^^^^^^^^^^^^
AttributeError: 'NoneType' object has no attribute 'read_registers'

2026-01-14 09:18:39 ERROR ReadModbusData(119) ReadModbusData: 'NoneType' object has no attribute 'read_registers'
Traceback (most recent call last):
  File "C:\Users\vchikkay\Desktop\Eejo\Eejo_Shivamogga _V2_AfterEvent_Updated_Py_Updated\Eejo\Lib\ModbusLib.py", line 104, in ReadModbusData
    ModbusLibcls.regval = ModbusLibcls.instrument.read_registers(0, 7)
                          ^^^^^^^^^^^^^^^^^^^^^^^^^^^^^^^^^^^^^^
AttributeError: 'NoneType' object has no attribute 'read_registers'

2026-01-14 09:18:39 ERROR ReadModbusData(119) ReadModbusData: 'NoneType' object has no attribute 'read_registers'
Traceback (most recent call last):
  File "C:\Users\vchikkay\Desktop\Eejo\Eejo_Shivamogga _V2_AfterEvent_Updated_Py_Updated\Eejo\Lib\ModbusLib.py", line 104, in ReadModbusData
    ModbusLibcls.regval = ModbusLibcls.instrument.read_registers(0, 7)
                          ^^^^^^^^^^^^^^^^^^^^^^^^^^^^^^^^^^^^^^
AttributeError: 'NoneType' object has no attribute 'read_registers'

2026-01-14 09:18:40 ERROR ReadModbusData(119) ReadModbusData: 'NoneType' object has no attribute 'read_registers'
Traceback (most recent call last):
  File "C:\Users\vchikkay\Desktop\Eejo\Eejo_Shivamogga _V2_AfterEvent_Updated_Py_Updated\Eejo\Lib\ModbusLib.py", line 104, in ReadModbusData
    ModbusLibcls.regval = ModbusLibcls.instrument.read_registers(0, 7)
                          ^^^^^^^^^^^^^^^^^^^^^^^^^^^^^^^^^^^^^^
AttributeError: 'NoneType' object has no attribute 'read_registers'

2026-01-14 09:18:40 ERROR ReadModbusData(119) ReadModbusData: 'NoneType' object has no attribute 'read_registers'
Traceback (most recent call last):
  File "C:\Users\vchikkay\Desktop\Eejo\Eejo_Shivamogga _V2_AfterEvent_Updated_Py_Updated\Eejo\Lib\ModbusLib.py", line 104, in ReadModbusData
    ModbusLibcls.regval = ModbusLibcls.instrument.read_registers(0, 7)
                          ^^^^^^^^^^^^^^^^^^^^^^^^^^^^^^^^^^^^^^
AttributeError: 'NoneType' object has no attribute 'read_registers'

2026-01-14 09:18:40 ERROR ReadModbusData(119) ReadModbusData: 'NoneType' object has no attribute 'read_registers'
Traceback (most recent call last):
  File "C:\Users\vchikkay\Desktop\Eejo\Eejo_Shivamogga _V2_AfterEvent_Updated_Py_Updated\Eejo\Lib\ModbusLib.py", line 104, in ReadModbusData
    ModbusLibcls.regval = ModbusLibcls.instrument.read_registers(0, 7)
                          ^^^^^^^^^^^^^^^^^^^^^^^^^^^^^^^^^^^^^^
AttributeError: 'NoneType' object has no attribute 'read_registers'

2026-01-14 09:18:40 ERROR ReadModbusData(119) ReadModbusData: 'NoneType' object has no attribute 'read_registers'
Traceback (most recent call last):
  File "C:\Users\vchikkay\Desktop\Eejo\Eejo_Shivamogga _V2_AfterEvent_Updated_Py_Updated\Eejo\Lib\ModbusLib.py", line 104, in ReadModbusData
    ModbusLibcls.regval = ModbusLibcls.instrument.read_registers(0, 7)
                          ^^^^^^^^^^^^^^^^^^^^^^^^^^^^^^^^^^^^^^
AttributeError: 'NoneType' object has no attribute 'read_registers'

2026-01-14 09:18:40 ERROR ReadModbusData(119) ReadModbusData: 'NoneType' object has no attribute 'read_registers'
Traceback (most recent call last):
  File "C:\Users\vchikkay\Desktop\Eejo\Eejo_Shivamogga _V2_AfterEvent_Updated_Py_Updated\Eejo\Lib\ModbusLib.py", line 104, in ReadModbusData
    ModbusLibcls.regval = ModbusLibcls.instrument.read_registers(0, 7)
                          ^^^^^^^^^^^^^^^^^^^^^^^^^^^^^^^^^^^^^^
AttributeError: 'NoneType' object has no attribute 'read_registers'

2026-01-14 09:18:40 ERROR ReadModbusData(119) ReadModbusData: 'NoneType' object has no attribute 'read_registers'
Traceback (most recent call last):
  File "C:\Users\vchikkay\Desktop\Eejo\Eejo_Shivamogga _V2_AfterEvent_Updated_Py_Updated\Eejo\Lib\ModbusLib.py", line 104, in ReadModbusData
    ModbusLibcls.regval = ModbusLibcls.instrument.read_registers(0, 7)
                          ^^^^^^^^^^^^^^^^^^^^^^^^^^^^^^^^^^^^^^
AttributeError: 'NoneType' object has no attribute 'read_registers'

2026-01-14 09:18:40 ERROR ReadModbusData(119) ReadModbusData: 'NoneType' object has no attribute 'read_registers'
Traceback (most recent call last):
  File "C:\Users\vchikkay\Desktop\Eejo\Eejo_Shivamogga _V2_AfterEvent_Updated_Py_Updated\Eejo\Lib\ModbusLib.py", line 104, in ReadModbusData
    ModbusLibcls.regval = ModbusLibcls.instrument.read_registers(0, 7)
                          ^^^^^^^^^^^^^^^^^^^^^^^^^^^^^^^^^^^^^^
AttributeError: 'NoneType' object has no attribute 'read_registers'

2026-01-14 09:18:40 ERROR ReadModbusData(119) ReadModbusData: 'NoneType' object has no attribute 'read_registers'
Traceback (most recent call last):
  File "C:\Users\vchikkay\Desktop\Eejo\Eejo_Shivamogga _V2_AfterEvent_Updated_Py_Updated\Eejo\Lib\ModbusLib.py", line 104, in ReadModbusData
    ModbusLibcls.regval = ModbusLibcls.instrument.read_registers(0, 7)
                          ^^^^^^^^^^^^^^^^^^^^^^^^^^^^^^^^^^^^^^
AttributeError: 'NoneType' object has no attribute 'read_registers'

2026-01-14 09:18:40 ERROR ReadModbusData(119) ReadModbusData: 'NoneType' object has no attribute 'read_registers'
Traceback (most recent call last):
  File "C:\Users\vchikkay\Desktop\Eejo\Eejo_Shivamogga _V2_AfterEvent_Updated_Py_Updated\Eejo\Lib\ModbusLib.py", line 104, in ReadModbusData
    ModbusLibcls.regval = ModbusLibcls.instrument.read_registers(0, 7)
                          ^^^^^^^^^^^^^^^^^^^^^^^^^^^^^^^^^^^^^^
AttributeError: 'NoneType' object has no attribute 'read_registers'

2026-01-14 09:18:40 ERROR ReadModbusData(119) ReadModbusData: 'NoneType' object has no attribute 'read_registers'
Traceback (most recent call last):
  File "C:\Users\vchikkay\Desktop\Eejo\Eejo_Shivamogga _V2_AfterEvent_Updated_Py_Updated\Eejo\Lib\ModbusLib.py", line 104, in ReadModbusData
    ModbusLibcls.regval = ModbusLibcls.instrument.read_registers(0, 7)
                          ^^^^^^^^^^^^^^^^^^^^^^^^^^^^^^^^^^^^^^
AttributeError: 'NoneType' object has no attribute 'read_registers'

2026-01-14 09:18:40 ERROR ReadModbusData(119) ReadModbusData: 'NoneType' object has no attribute 'read_registers'
Traceback (most recent call last):
  File "C:\Users\vchikkay\Desktop\Eejo\Eejo_Shivamogga _V2_AfterEvent_Updated_Py_Updated\Eejo\Lib\ModbusLib.py", line 104, in ReadModbusData
    ModbusLibcls.regval = ModbusLibcls.instrument.read_registers(0, 7)
                          ^^^^^^^^^^^^^^^^^^^^^^^^^^^^^^^^^^^^^^
AttributeError: 'NoneType' object has no attribute 'read_registers'

2026-01-14 09:18:40 ERROR ReadModbusData(119) ReadModbusData: 'NoneType' object has no attribute 'read_registers'
Traceback (most recent call last):
  File "C:\Users\vchikkay\Desktop\Eejo\Eejo_Shivamogga _V2_AfterEvent_Updated_Py_Updated\Eejo\Lib\ModbusLib.py", line 104, in ReadModbusData
    ModbusLibcls.regval = ModbusLibcls.instrument.read_registers(0, 7)
                          ^^^^^^^^^^^^^^^^^^^^^^^^^^^^^^^^^^^^^^
AttributeError: 'NoneType' object has no attribute 'read_registers'

2026-01-14 09:18:40 ERROR ReadModbusData(119) ReadModbusData: 'NoneType' object has no attribute 'read_registers'
Traceback (most recent call last):
  File "C:\Users\vchikkay\Desktop\Eejo\Eejo_Shivamogga _V2_AfterEvent_Updated_Py_Updated\Eejo\Lib\ModbusLib.py", line 104, in ReadModbusData
    ModbusLibcls.regval = ModbusLibcls.instrument.read_registers(0, 7)
                          ^^^^^^^^^^^^^^^^^^^^^^^^^^^^^^^^^^^^^^
AttributeError: 'NoneType' object has no attribute 'read_registers'

2026-01-14 09:18:40 ERROR ReadModbusData(119) ReadModbusData: 'NoneType' object has no attribute 'read_registers'
Traceback (most recent call last):
  File "C:\Users\vchikkay\Desktop\Eejo\Eejo_Shivamogga _V2_AfterEvent_Updated_Py_Updated\Eejo\Lib\ModbusLib.py", line 104, in ReadModbusData
    ModbusLibcls.regval = ModbusLibcls.instrument.read_registers(0, 7)
                          ^^^^^^^^^^^^^^^^^^^^^^^^^^^^^^^^^^^^^^
AttributeError: 'NoneType' object has no attribute 'read_registers'

2026-01-14 09:18:40 ERROR ReadModbusData(119) ReadModbusData: 'NoneType' object has no attribute 'read_registers'
Traceback (most recent call last):
  File "C:\Users\vchikkay\Desktop\Eejo\Eejo_Shivamogga _V2_AfterEvent_Updated_Py_Updated\Eejo\Lib\ModbusLib.py", line 104, in ReadModbusData
    ModbusLibcls.regval = ModbusLibcls.instrument.read_registers(0, 7)
                          ^^^^^^^^^^^^^^^^^^^^^^^^^^^^^^^^^^^^^^
AttributeError: 'NoneType' object has no attribute 'read_registers'

2026-01-14 09:18:40 ERROR ReadModbusData(119) ReadModbusData: 'NoneType' object has no attribute 'read_registers'
Traceback (most recent call last):
  File "C:\Users\vchikkay\Desktop\Eejo\Eejo_Shivamogga _V2_AfterEvent_Updated_Py_Updated\Eejo\Lib\ModbusLib.py", line 104, in ReadModbusData
    ModbusLibcls.regval = ModbusLibcls.instrument.read_registers(0, 7)
                          ^^^^^^^^^^^^^^^^^^^^^^^^^^^^^^^^^^^^^^
AttributeError: 'NoneType' object has no attribute 'read_registers'

2026-01-14 09:18:41 ERROR ReadModbusData(119) ReadModbusData: 'NoneType' object has no attribute 'read_registers'
Traceback (most recent call last):
  File "C:\Users\vchikkay\Desktop\Eejo\Eejo_Shivamogga _V2_AfterEvent_Updated_Py_Updated\Eejo\Lib\ModbusLib.py", line 104, in ReadModbusData
    ModbusLibcls.regval = ModbusLibcls.instrument.read_registers(0, 7)
                          ^^^^^^^^^^^^^^^^^^^^^^^^^^^^^^^^^^^^^^
AttributeError: 'NoneType' object has no attribute 'read_registers'

2026-01-14 09:18:41 ERROR ReadModbusData(119) ReadModbusData: 'NoneType' object has no attribute 'read_registers'
Traceback (most recent call last):
  File "C:\Users\vchikkay\Desktop\Eejo\Eejo_Shivamogga _V2_AfterEvent_Updated_Py_Updated\Eejo\Lib\ModbusLib.py", line 104, in ReadModbusData
    ModbusLibcls.regval = ModbusLibcls.instrument.read_registers(0, 7)
                          ^^^^^^^^^^^^^^^^^^^^^^^^^^^^^^^^^^^^^^
AttributeError: 'NoneType' object has no attribute 'read_registers'

2026-01-14 09:18:41 ERROR ReadModbusData(119) ReadModbusData: 'NoneType' object has no attribute 'read_registers'
Traceback (most recent call last):
  File "C:\Users\vchikkay\Desktop\Eejo\Eejo_Shivamogga _V2_AfterEvent_Updated_Py_Updated\Eejo\Lib\ModbusLib.py", line 104, in ReadModbusData
    ModbusLibcls.regval = ModbusLibcls.instrument.read_registers(0, 7)
                          ^^^^^^^^^^^^^^^^^^^^^^^^^^^^^^^^^^^^^^
AttributeError: 'NoneType' object has no attribute 'read_registers'

2026-01-14 09:18:41 ERROR ReadModbusData(119) ReadModbusData: 'NoneType' object has no attribute 'read_registers'
Traceback (most recent call last):
  File "C:\Users\vchikkay\Desktop\Eejo\Eejo_Shivamogga _V2_AfterEvent_Updated_Py_Updated\Eejo\Lib\ModbusLib.py", line 104, in ReadModbusData
    ModbusLibcls.regval = ModbusLibcls.instrument.read_registers(0, 7)
                          ^^^^^^^^^^^^^^^^^^^^^^^^^^^^^^^^^^^^^^
AttributeError: 'NoneType' object has no attribute 'read_registers'

2026-01-14 09:18:41 ERROR ReadModbusData(119) ReadModbusData: 'NoneType' object has no attribute 'read_registers'
Traceback (most recent call last):
  File "C:\Users\vchikkay\Desktop\Eejo\Eejo_Shivamogga _V2_AfterEvent_Updated_Py_Updated\Eejo\Lib\ModbusLib.py", line 104, in ReadModbusData
    ModbusLibcls.regval = ModbusLibcls.instrument.read_registers(0, 7)
                          ^^^^^^^^^^^^^^^^^^^^^^^^^^^^^^^^^^^^^^
AttributeError: 'NoneType' object has no attribute 'read_registers'

2026-01-14 09:18:41 ERROR ReadModbusData(119) ReadModbusData: 'NoneType' object has no attribute 'read_registers'
Traceback (most recent call last):
  File "C:\Users\vchikkay\Desktop\Eejo\Eejo_Shivamogga _V2_AfterEvent_Updated_Py_Updated\Eejo\Lib\ModbusLib.py", line 104, in ReadModbusData
    ModbusLibcls.regval = ModbusLibcls.instrument.read_registers(0, 7)
                          ^^^^^^^^^^^^^^^^^^^^^^^^^^^^^^^^^^^^^^
AttributeError: 'NoneType' object has no attribute 'read_registers'

2026-01-14 09:18:41 ERROR ReadModbusData(119) ReadModbusData: 'NoneType' object has no attribute 'read_registers'
Traceback (most recent call last):
  File "C:\Users\vchikkay\Desktop\Eejo\Eejo_Shivamogga _V2_AfterEvent_Updated_Py_Updated\Eejo\Lib\ModbusLib.py", line 104, in ReadModbusData
    ModbusLibcls.regval = ModbusLibcls.instrument.read_registers(0, 7)
                          ^^^^^^^^^^^^^^^^^^^^^^^^^^^^^^^^^^^^^^
AttributeError: 'NoneType' object has no attribute 'read_registers'

2026-01-14 09:18:41 ERROR ReadModbusData(119) ReadModbusData: 'NoneType' object has no attribute 'read_registers'
Traceback (most recent call last):
  File "C:\Users\vchikkay\Desktop\Eejo\Eejo_Shivamogga _V2_AfterEvent_Updated_Py_Updated\Eejo\Lib\ModbusLib.py", line 104, in ReadModbusData
    ModbusLibcls.regval = ModbusLibcls.instrument.read_registers(0, 7)
                          ^^^^^^^^^^^^^^^^^^^^^^^^^^^^^^^^^^^^^^
AttributeError: 'NoneType' object has no attribute 'read_registers'

2026-01-14 09:18:41 ERROR ReadModbusData(119) ReadModbusData: 'NoneType' object has no attribute 'read_registers'
Traceback (most recent call last):
  File "C:\Users\vchikkay\Desktop\Eejo\Eejo_Shivamogga _V2_AfterEvent_Updated_Py_Updated\Eejo\Lib\ModbusLib.py", line 104, in ReadModbusData
    ModbusLibcls.regval = ModbusLibcls.instrument.read_registers(0, 7)
                          ^^^^^^^^^^^^^^^^^^^^^^^^^^^^^^^^^^^^^^
AttributeError: 'NoneType' object has no attribute 'read_registers'

2026-01-14 09:18:41 ERROR ReadModbusData(119) ReadModbusData: 'NoneType' object has no attribute 'read_registers'
Traceback (most recent call last):
  File "C:\Users\vchikkay\Desktop\Eejo\Eejo_Shivamogga _V2_AfterEvent_Updated_Py_Updated\Eejo\Lib\ModbusLib.py", line 104, in ReadModbusData
    ModbusLibcls.regval = ModbusLibcls.instrument.read_registers(0, 7)
                          ^^^^^^^^^^^^^^^^^^^^^^^^^^^^^^^^^^^^^^
AttributeError: 'NoneType' object has no attribute 'read_registers'

2026-01-14 09:18:41 ERROR ReadModbusData(119) ReadModbusData: 'NoneType' object has no attribute 'read_registers'
Traceback (most recent call last):
  File "C:\Users\vchikkay\Desktop\Eejo\Eejo_Shivamogga _V2_AfterEvent_Updated_Py_Updated\Eejo\Lib\ModbusLib.py", line 104, in ReadModbusData
    ModbusLibcls.regval = ModbusLibcls.instrument.read_registers(0, 7)
                          ^^^^^^^^^^^^^^^^^^^^^^^^^^^^^^^^^^^^^^
AttributeError: 'NoneType' object has no attribute 'read_registers'

2026-01-14 09:18:41 ERROR ReadModbusData(119) ReadModbusData: 'NoneType' object has no attribute 'read_registers'
Traceback (most recent call last):
  File "C:\Users\vchikkay\Desktop\Eejo\Eejo_Shivamogga _V2_AfterEvent_Updated_Py_Updated\Eejo\Lib\ModbusLib.py", line 104, in ReadModbusData
    ModbusLibcls.regval = ModbusLibcls.instrument.read_registers(0, 7)
                          ^^^^^^^^^^^^^^^^^^^^^^^^^^^^^^^^^^^^^^
AttributeError: 'NoneType' object has no attribute 'read_registers'

2026-01-14 09:18:41 ERROR ReadModbusData(119) ReadModbusData: 'NoneType' object has no attribute 'read_registers'
Traceback (most recent call last):
  File "C:\Users\vchikkay\Desktop\Eejo\Eejo_Shivamogga _V2_AfterEvent_Updated_Py_Updated\Eejo\Lib\ModbusLib.py", line 104, in ReadModbusData
    ModbusLibcls.regval = ModbusLibcls.instrument.read_registers(0, 7)
                          ^^^^^^^^^^^^^^^^^^^^^^^^^^^^^^^^^^^^^^
AttributeError: 'NoneType' object has no attribute 'read_registers'

2026-01-14 09:18:41 ERROR ReadModbusData(119) ReadModbusData: 'NoneType' object has no attribute 'read_registers'
Traceback (most recent call last):
  File "C:\Users\vchikkay\Desktop\Eejo\Eejo_Shivamogga _V2_AfterEvent_Updated_Py_Updated\Eejo\Lib\ModbusLib.py", line 104, in ReadModbusData
    ModbusLibcls.regval = ModbusLibcls.instrument.read_registers(0, 7)
                          ^^^^^^^^^^^^^^^^^^^^^^^^^^^^^^^^^^^^^^
AttributeError: 'NoneType' object has no attribute 'read_registers'

2026-01-14 09:18:41 ERROR ReadModbusData(119) ReadModbusData: 'NoneType' object has no attribute 'read_registers'
Traceback (most recent call last):
  File "C:\Users\vchikkay\Desktop\Eejo\Eejo_Shivamogga _V2_AfterEvent_Updated_Py_Updated\Eejo\Lib\ModbusLib.py", line 104, in ReadModbusData
    ModbusLibcls.regval = ModbusLibcls.instrument.read_registers(0, 7)
                          ^^^^^^^^^^^^^^^^^^^^^^^^^^^^^^^^^^^^^^
AttributeError: 'NoneType' object has no attribute 'read_registers'

2026-01-14 09:18:41 ERROR ReadModbusData(119) ReadModbusData: 'NoneType' object has no attribute 'read_registers'
Traceback (most recent call last):
  File "C:\Users\vchikkay\Desktop\Eejo\Eejo_Shivamogga _V2_AfterEvent_Updated_Py_Updated\Eejo\Lib\ModbusLib.py", line 104, in ReadModbusData
    ModbusLibcls.regval = ModbusLibcls.instrument.read_registers(0, 7)
                          ^^^^^^^^^^^^^^^^^^^^^^^^^^^^^^^^^^^^^^
AttributeError: 'NoneType' object has no attribute 'read_registers'

2026-01-14 09:18:42 ERROR ReadModbusData(119) ReadModbusData: 'NoneType' object has no attribute 'read_registers'
Traceback (most recent call last):
  File "C:\Users\vchikkay\Desktop\Eejo\Eejo_Shivamogga _V2_AfterEvent_Updated_Py_Updated\Eejo\Lib\ModbusLib.py", line 104, in ReadModbusData
    ModbusLibcls.regval = ModbusLibcls.instrument.read_registers(0, 7)
                          ^^^^^^^^^^^^^^^^^^^^^^^^^^^^^^^^^^^^^^
AttributeError: 'NoneType' object has no attribute 'read_registers'

2026-01-14 09:18:42 ERROR ReadModbusData(119) ReadModbusData: 'NoneType' object has no attribute 'read_registers'
Traceback (most recent call last):
  File "C:\Users\vchikkay\Desktop\Eejo\Eejo_Shivamogga _V2_AfterEvent_Updated_Py_Updated\Eejo\Lib\ModbusLib.py", line 104, in ReadModbusData
    ModbusLibcls.regval = ModbusLibcls.instrument.read_registers(0, 7)
                          ^^^^^^^^^^^^^^^^^^^^^^^^^^^^^^^^^^^^^^
AttributeError: 'NoneType' object has no attribute 'read_registers'

2026-01-14 09:18:42 ERROR ReadModbusData(119) ReadModbusData: 'NoneType' object has no attribute 'read_registers'
Traceback (most recent call last):
  File "C:\Users\vchikkay\Desktop\Eejo\Eejo_Shivamogga _V2_AfterEvent_Updated_Py_Updated\Eejo\Lib\ModbusLib.py", line 104, in ReadModbusData
    ModbusLibcls.regval = ModbusLibcls.instrument.read_registers(0, 7)
                          ^^^^^^^^^^^^^^^^^^^^^^^^^^^^^^^^^^^^^^
AttributeError: 'NoneType' object has no attribute 'read_registers'

2026-01-14 09:18:42 ERROR ReadModbusData(119) ReadModbusData: 'NoneType' object has no attribute 'read_registers'
Traceback (most recent call last):
  File "C:\Users\vchikkay\Desktop\Eejo\Eejo_Shivamogga _V2_AfterEvent_Updated_Py_Updated\Eejo\Lib\ModbusLib.py", line 104, in ReadModbusData
    ModbusLibcls.regval = ModbusLibcls.instrument.read_registers(0, 7)
                          ^^^^^^^^^^^^^^^^^^^^^^^^^^^^^^^^^^^^^^
AttributeError: 'NoneType' object has no attribute 'read_registers'

2026-01-14 09:18:42 ERROR ReadModbusData(119) ReadModbusData: 'NoneType' object has no attribute 'read_registers'
Traceback (most recent call last):
  File "C:\Users\vchikkay\Desktop\Eejo\Eejo_Shivamogga _V2_AfterEvent_Updated_Py_Updated\Eejo\Lib\ModbusLib.py", line 104, in ReadModbusData
    ModbusLibcls.regval = ModbusLibcls.instrument.read_registers(0, 7)
                          ^^^^^^^^^^^^^^^^^^^^^^^^^^^^^^^^^^^^^^
AttributeError: 'NoneType' object has no attribute 'read_registers'

2026-01-14 09:18:42 ERROR ReadModbusData(119) ReadModbusData: 'NoneType' object has no attribute 'read_registers'
Traceback (most recent call last):
  File "C:\Users\vchikkay\Desktop\Eejo\Eejo_Shivamogga _V2_AfterEvent_Updated_Py_Updated\Eejo\Lib\ModbusLib.py", line 104, in ReadModbusData
    ModbusLibcls.regval = ModbusLibcls.instrument.read_registers(0, 7)
                          ^^^^^^^^^^^^^^^^^^^^^^^^^^^^^^^^^^^^^^
AttributeError: 'NoneType' object has no attribute 'read_registers'

2026-01-14 09:18:42 ERROR ReadModbusData(119) ReadModbusData: 'NoneType' object has no attribute 'read_registers'
Traceback (most recent call last):
  File "C:\Users\vchikkay\Desktop\Eejo\Eejo_Shivamogga _V2_AfterEvent_Updated_Py_Updated\Eejo\Lib\ModbusLib.py", line 104, in ReadModbusData
    ModbusLibcls.regval = ModbusLibcls.instrument.read_registers(0, 7)
                          ^^^^^^^^^^^^^^^^^^^^^^^^^^^^^^^^^^^^^^
AttributeError: 'NoneType' object has no attribute 'read_registers'

2026-01-14 09:18:42 ERROR ReadModbusData(119) ReadModbusData: 'NoneType' object has no attribute 'read_registers'
Traceback (most recent call last):
  File "C:\Users\vchikkay\Desktop\Eejo\Eejo_Shivamogga _V2_AfterEvent_Updated_Py_Updated\Eejo\Lib\ModbusLib.py", line 104, in ReadModbusData
    ModbusLibcls.regval = ModbusLibcls.instrument.read_registers(0, 7)
                          ^^^^^^^^^^^^^^^^^^^^^^^^^^^^^^^^^^^^^^
AttributeError: 'NoneType' object has no attribute 'read_registers'

2026-01-14 09:18:42 ERROR ReadModbusData(119) ReadModbusData: 'NoneType' object has no attribute 'read_registers'
Traceback (most recent call last):
  File "C:\Users\vchikkay\Desktop\Eejo\Eejo_Shivamogga _V2_AfterEvent_Updated_Py_Updated\Eejo\Lib\ModbusLib.py", line 104, in ReadModbusData
    ModbusLibcls.regval = ModbusLibcls.instrument.read_registers(0, 7)
                          ^^^^^^^^^^^^^^^^^^^^^^^^^^^^^^^^^^^^^^
AttributeError: 'NoneType' object has no attribute 'read_registers'

2026-01-14 09:18:42 ERROR ReadModbusData(119) ReadModbusData: 'NoneType' object has no attribute 'read_registers'
Traceback (most recent call last):
  File "C:\Users\vchikkay\Desktop\Eejo\Eejo_Shivamogga _V2_AfterEvent_Updated_Py_Updated\Eejo\Lib\ModbusLib.py", line 104, in ReadModbusData
    ModbusLibcls.regval = ModbusLibcls.instrument.read_registers(0, 7)
                          ^^^^^^^^^^^^^^^^^^^^^^^^^^^^^^^^^^^^^^
AttributeError: 'NoneType' object has no attribute 'read_registers'

2026-01-14 09:18:42 ERROR ReadModbusData(119) ReadModbusData: 'NoneType' object has no attribute 'read_registers'
Traceback (most recent call last):
  File "C:\Users\vchikkay\Desktop\Eejo\Eejo_Shivamogga _V2_AfterEvent_Updated_Py_Updated\Eejo\Lib\ModbusLib.py", line 104, in ReadModbusData
    ModbusLibcls.regval = ModbusLibcls.instrument.read_registers(0, 7)
                          ^^^^^^^^^^^^^^^^^^^^^^^^^^^^^^^^^^^^^^
AttributeError: 'NoneType' object has no attribute 'read_registers'

2026-01-14 09:18:42 ERROR ReadModbusData(119) ReadModbusData: 'NoneType' object has no attribute 'read_registers'
Traceback (most recent call last):
  File "C:\Users\vchikkay\Desktop\Eejo\Eejo_Shivamogga _V2_AfterEvent_Updated_Py_Updated\Eejo\Lib\ModbusLib.py", line 104, in ReadModbusData
    ModbusLibcls.regval = ModbusLibcls.instrument.read_registers(0, 7)
                          ^^^^^^^^^^^^^^^^^^^^^^^^^^^^^^^^^^^^^^
AttributeError: 'NoneType' object has no attribute 'read_registers'

2026-01-14 09:18:42 ERROR ReadModbusData(119) ReadModbusData: 'NoneType' object has no attribute 'read_registers'
Traceback (most recent call last):
  File "C:\Users\vchikkay\Desktop\Eejo\Eejo_Shivamogga _V2_AfterEvent_Updated_Py_Updated\Eejo\Lib\ModbusLib.py", line 104, in ReadModbusData
    ModbusLibcls.regval = ModbusLibcls.instrument.read_registers(0, 7)
                          ^^^^^^^^^^^^^^^^^^^^^^^^^^^^^^^^^^^^^^
AttributeError: 'NoneType' object has no attribute 'read_registers'

2026-01-14 09:18:42 ERROR ReadModbusData(119) ReadModbusData: 'NoneType' object has no attribute 'read_registers'
Traceback (most recent call last):
  File "C:\Users\vchikkay\Desktop\Eejo\Eejo_Shivamogga _V2_AfterEvent_Updated_Py_Updated\Eejo\Lib\ModbusLib.py", line 104, in ReadModbusData
    ModbusLibcls.regval = ModbusLibcls.instrument.read_registers(0, 7)
                          ^^^^^^^^^^^^^^^^^^^^^^^^^^^^^^^^^^^^^^
AttributeError: 'NoneType' object has no attribute 'read_registers'

2026-01-14 09:18:42 ERROR ReadModbusData(119) ReadModbusData: 'NoneType' object has no attribute 'read_registers'
Traceback (most recent call last):
  File "C:\Users\vchikkay\Desktop\Eejo\Eejo_Shivamogga _V2_AfterEvent_Updated_Py_Updated\Eejo\Lib\ModbusLib.py", line 104, in ReadModbusData
    ModbusLibcls.regval = ModbusLibcls.instrument.read_registers(0, 7)
                          ^^^^^^^^^^^^^^^^^^^^^^^^^^^^^^^^^^^^^^
AttributeError: 'NoneType' object has no attribute 'read_registers'

2026-01-14 09:18:42 ERROR ReadModbusData(119) ReadModbusData: 'NoneType' object has no attribute 'read_registers'
Traceback (most recent call last):
  File "C:\Users\vchikkay\Desktop\Eejo\Eejo_Shivamogga _V2_AfterEvent_Updated_Py_Updated\Eejo\Lib\ModbusLib.py", line 104, in ReadModbusData
    ModbusLibcls.regval = ModbusLibcls.instrument.read_registers(0, 7)
                          ^^^^^^^^^^^^^^^^^^^^^^^^^^^^^^^^^^^^^^
AttributeError: 'NoneType' object has no attribute 'read_registers'

2026-01-14 09:18:43 ERROR ReadModbusData(119) ReadModbusData: 'NoneType' object has no attribute 'read_registers'
Traceback (most recent call last):
  File "C:\Users\vchikkay\Desktop\Eejo\Eejo_Shivamogga _V2_AfterEvent_Updated_Py_Updated\Eejo\Lib\ModbusLib.py", line 104, in ReadModbusData
    ModbusLibcls.regval = ModbusLibcls.instrument.read_registers(0, 7)
                          ^^^^^^^^^^^^^^^^^^^^^^^^^^^^^^^^^^^^^^
AttributeError: 'NoneType' object has no attribute 'read_registers'

2026-01-14 09:18:43 ERROR ReadModbusData(119) ReadModbusData: 'NoneType' object has no attribute 'read_registers'
Traceback (most recent call last):
  File "C:\Users\vchikkay\Desktop\Eejo\Eejo_Shivamogga _V2_AfterEvent_Updated_Py_Updated\Eejo\Lib\ModbusLib.py", line 104, in ReadModbusData
    ModbusLibcls.regval = ModbusLibcls.instrument.read_registers(0, 7)
                          ^^^^^^^^^^^^^^^^^^^^^^^^^^^^^^^^^^^^^^
AttributeError: 'NoneType' object has no attribute 'read_registers'

2026-01-14 09:18:43 ERROR ReadModbusData(119) ReadModbusData: 'NoneType' object has no attribute 'read_registers'
Traceback (most recent call last):
  File "C:\Users\vchikkay\Desktop\Eejo\Eejo_Shivamogga _V2_AfterEvent_Updated_Py_Updated\Eejo\Lib\ModbusLib.py", line 104, in ReadModbusData
    ModbusLibcls.regval = ModbusLibcls.instrument.read_registers(0, 7)
                          ^^^^^^^^^^^^^^^^^^^^^^^^^^^^^^^^^^^^^^
AttributeError: 'NoneType' object has no attribute 'read_registers'

2026-01-14 09:18:43 ERROR ReadModbusData(119) ReadModbusData: 'NoneType' object has no attribute 'read_registers'
Traceback (most recent call last):
  File "C:\Users\vchikkay\Desktop\Eejo\Eejo_Shivamogga _V2_AfterEvent_Updated_Py_Updated\Eejo\Lib\ModbusLib.py", line 104, in ReadModbusData
    ModbusLibcls.regval = ModbusLibcls.instrument.read_registers(0, 7)
                          ^^^^^^^^^^^^^^^^^^^^^^^^^^^^^^^^^^^^^^
AttributeError: 'NoneType' object has no attribute 'read_registers'

2026-01-14 09:18:43 ERROR ReadModbusData(119) ReadModbusData: 'NoneType' object has no attribute 'read_registers'
Traceback (most recent call last):
  File "C:\Users\vchikkay\Desktop\Eejo\Eejo_Shivamogga _V2_AfterEvent_Updated_Py_Updated\Eejo\Lib\ModbusLib.py", line 104, in ReadModbusData
    ModbusLibcls.regval = ModbusLibcls.instrument.read_registers(0, 7)
                          ^^^^^^^^^^^^^^^^^^^^^^^^^^^^^^^^^^^^^^
AttributeError: 'NoneType' object has no attribute 'read_registers'

2026-01-14 09:18:43 ERROR ReadModbusData(119) ReadModbusData: 'NoneType' object has no attribute 'read_registers'
Traceback (most recent call last):
  File "C:\Users\vchikkay\Desktop\Eejo\Eejo_Shivamogga _V2_AfterEvent_Updated_Py_Updated\Eejo\Lib\ModbusLib.py", line 104, in ReadModbusData
    ModbusLibcls.regval = ModbusLibcls.instrument.read_registers(0, 7)
                          ^^^^^^^^^^^^^^^^^^^^^^^^^^^^^^^^^^^^^^
AttributeError: 'NoneType' object has no attribute 'read_registers'

2026-01-14 09:18:43 ERROR ReadModbusData(119) ReadModbusData: 'NoneType' object has no attribute 'read_registers'
Traceback (most recent call last):
  File "C:\Users\vchikkay\Desktop\Eejo\Eejo_Shivamogga _V2_AfterEvent_Updated_Py_Updated\Eejo\Lib\ModbusLib.py", line 104, in ReadModbusData
    ModbusLibcls.regval = ModbusLibcls.instrument.read_registers(0, 7)
                          ^^^^^^^^^^^^^^^^^^^^^^^^^^^^^^^^^^^^^^
AttributeError: 'NoneType' object has no attribute 'read_registers'

2026-01-14 09:18:43 ERROR ReadModbusData(119) ReadModbusData: 'NoneType' object has no attribute 'read_registers'
Traceback (most recent call last):
  File "C:\Users\vchikkay\Desktop\Eejo\Eejo_Shivamogga _V2_AfterEvent_Updated_Py_Updated\Eejo\Lib\ModbusLib.py", line 104, in ReadModbusData
    ModbusLibcls.regval = ModbusLibcls.instrument.read_registers(0, 7)
                          ^^^^^^^^^^^^^^^^^^^^^^^^^^^^^^^^^^^^^^
AttributeError: 'NoneType' object has no attribute 'read_registers'

2026-01-14 09:18:43 ERROR ReadModbusData(119) ReadModbusData: 'NoneType' object has no attribute 'read_registers'
Traceback (most recent call last):
  File "C:\Users\vchikkay\Desktop\Eejo\Eejo_Shivamogga _V2_AfterEvent_Updated_Py_Updated\Eejo\Lib\ModbusLib.py", line 104, in ReadModbusData
    ModbusLibcls.regval = ModbusLibcls.instrument.read_registers(0, 7)
                          ^^^^^^^^^^^^^^^^^^^^^^^^^^^^^^^^^^^^^^
AttributeError: 'NoneType' object has no attribute 'read_registers'

2026-01-14 09:18:43 ERROR ReadModbusData(119) ReadModbusData: 'NoneType' object has no attribute 'read_registers'
Traceback (most recent call last):
  File "C:\Users\vchikkay\Desktop\Eejo\Eejo_Shivamogga _V2_AfterEvent_Updated_Py_Updated\Eejo\Lib\ModbusLib.py", line 104, in ReadModbusData
    ModbusLibcls.regval = ModbusLibcls.instrument.read_registers(0, 7)
                          ^^^^^^^^^^^^^^^^^^^^^^^^^^^^^^^^^^^^^^
AttributeError: 'NoneType' object has no attribute 'read_registers'

2026-01-14 09:18:43 ERROR ReadModbusData(119) ReadModbusData: 'NoneType' object has no attribute 'read_registers'
Traceback (most recent call last):
  File "C:\Users\vchikkay\Desktop\Eejo\Eejo_Shivamogga _V2_AfterEvent_Updated_Py_Updated\Eejo\Lib\ModbusLib.py", line 104, in ReadModbusData
    ModbusLibcls.regval = ModbusLibcls.instrument.read_registers(0, 7)
                          ^^^^^^^^^^^^^^^^^^^^^^^^^^^^^^^^^^^^^^
AttributeError: 'NoneType' object has no attribute 'read_registers'

2026-01-14 09:18:43 ERROR ReadModbusData(119) ReadModbusData: 'NoneType' object has no attribute 'read_registers'
Traceback (most recent call last):
  File "C:\Users\vchikkay\Desktop\Eejo\Eejo_Shivamogga _V2_AfterEvent_Updated_Py_Updated\Eejo\Lib\ModbusLib.py", line 104, in ReadModbusData
    ModbusLibcls.regval = ModbusLibcls.instrument.read_registers(0, 7)
                          ^^^^^^^^^^^^^^^^^^^^^^^^^^^^^^^^^^^^^^
AttributeError: 'NoneType' object has no attribute 'read_registers'

2026-01-14 09:18:43 ERROR ReadModbusData(119) ReadModbusData: 'NoneType' object has no attribute 'read_registers'
Traceback (most recent call last):
  File "C:\Users\vchikkay\Desktop\Eejo\Eejo_Shivamogga _V2_AfterEvent_Updated_Py_Updated\Eejo\Lib\ModbusLib.py", line 104, in ReadModbusData
    ModbusLibcls.regval = ModbusLibcls.instrument.read_registers(0, 7)
                          ^^^^^^^^^^^^^^^^^^^^^^^^^^^^^^^^^^^^^^
AttributeError: 'NoneType' object has no attribute 'read_registers'

2026-01-14 09:18:43 ERROR ReadModbusData(119) ReadModbusData: 'NoneType' object has no attribute 'read_registers'
Traceback (most recent call last):
  File "C:\Users\vchikkay\Desktop\Eejo\Eejo_Shivamogga _V2_AfterEvent_Updated_Py_Updated\Eejo\Lib\ModbusLib.py", line 104, in ReadModbusData
    ModbusLibcls.regval = ModbusLibcls.instrument.read_registers(0, 7)
                          ^^^^^^^^^^^^^^^^^^^^^^^^^^^^^^^^^^^^^^
AttributeError: 'NoneType' object has no attribute 'read_registers'

2026-01-14 09:18:43 ERROR ReadModbusData(119) ReadModbusData: 'NoneType' object has no attribute 'read_registers'
Traceback (most recent call last):
  File "C:\Users\vchikkay\Desktop\Eejo\Eejo_Shivamogga _V2_AfterEvent_Updated_Py_Updated\Eejo\Lib\ModbusLib.py", line 104, in ReadModbusData
    ModbusLibcls.regval = ModbusLibcls.instrument.read_registers(0, 7)
                          ^^^^^^^^^^^^^^^^^^^^^^^^^^^^^^^^^^^^^^
AttributeError: 'NoneType' object has no attribute 'read_registers'

2026-01-14 09:18:43 ERROR ReadModbusData(119) ReadModbusData: 'NoneType' object has no attribute 'read_registers'
Traceback (most recent call last):
  File "C:\Users\vchikkay\Desktop\Eejo\Eejo_Shivamogga _V2_AfterEvent_Updated_Py_Updated\Eejo\Lib\ModbusLib.py", line 104, in ReadModbusData
    ModbusLibcls.regval = ModbusLibcls.instrument.read_registers(0, 7)
                          ^^^^^^^^^^^^^^^^^^^^^^^^^^^^^^^^^^^^^^
AttributeError: 'NoneType' object has no attribute 'read_registers'

2026-01-14 09:18:43 ERROR ReadModbusData(119) ReadModbusData: 'NoneType' object has no attribute 'read_registers'
Traceback (most recent call last):
  File "C:\Users\vchikkay\Desktop\Eejo\Eejo_Shivamogga _V2_AfterEvent_Updated_Py_Updated\Eejo\Lib\ModbusLib.py", line 104, in ReadModbusData
    ModbusLibcls.regval = ModbusLibcls.instrument.read_registers(0, 7)
                          ^^^^^^^^^^^^^^^^^^^^^^^^^^^^^^^^^^^^^^
AttributeError: 'NoneType' object has no attribute 'read_registers'

2026-01-14 09:18:44 ERROR ReadModbusData(119) ReadModbusData: 'NoneType' object has no attribute 'read_registers'
Traceback (most recent call last):
  File "C:\Users\vchikkay\Desktop\Eejo\Eejo_Shivamogga _V2_AfterEvent_Updated_Py_Updated\Eejo\Lib\ModbusLib.py", line 104, in ReadModbusData
    ModbusLibcls.regval = ModbusLibcls.instrument.read_registers(0, 7)
                          ^^^^^^^^^^^^^^^^^^^^^^^^^^^^^^^^^^^^^^
AttributeError: 'NoneType' object has no attribute 'read_registers'

2026-01-14 09:18:44 ERROR ReadModbusData(119) ReadModbusData: 'NoneType' object has no attribute 'read_registers'
Traceback (most recent call last):
  File "C:\Users\vchikkay\Desktop\Eejo\Eejo_Shivamogga _V2_AfterEvent_Updated_Py_Updated\Eejo\Lib\ModbusLib.py", line 104, in ReadModbusData
    ModbusLibcls.regval = ModbusLibcls.instrument.read_registers(0, 7)
                          ^^^^^^^^^^^^^^^^^^^^^^^^^^^^^^^^^^^^^^
AttributeError: 'NoneType' object has no attribute 'read_registers'

2026-01-14 09:18:44 ERROR ReadModbusData(119) ReadModbusData: 'NoneType' object has no attribute 'read_registers'
Traceback (most recent call last):
  File "C:\Users\vchikkay\Desktop\Eejo\Eejo_Shivamogga _V2_AfterEvent_Updated_Py_Updated\Eejo\Lib\ModbusLib.py", line 104, in ReadModbusData
    ModbusLibcls.regval = ModbusLibcls.instrument.read_registers(0, 7)
                          ^^^^^^^^^^^^^^^^^^^^^^^^^^^^^^^^^^^^^^
AttributeError: 'NoneType' object has no attribute 'read_registers'

2026-01-14 09:18:44 ERROR ReadModbusData(119) ReadModbusData: 'NoneType' object has no attribute 'read_registers'
Traceback (most recent call last):
  File "C:\Users\vchikkay\Desktop\Eejo\Eejo_Shivamogga _V2_AfterEvent_Updated_Py_Updated\Eejo\Lib\ModbusLib.py", line 104, in ReadModbusData
    ModbusLibcls.regval = ModbusLibcls.instrument.read_registers(0, 7)
                          ^^^^^^^^^^^^^^^^^^^^^^^^^^^^^^^^^^^^^^
AttributeError: 'NoneType' object has no attribute 'read_registers'

2026-01-14 09:18:44 ERROR ReadModbusData(119) ReadModbusData: 'NoneType' object has no attribute 'read_registers'
Traceback (most recent call last):
  File "C:\Users\vchikkay\Desktop\Eejo\Eejo_Shivamogga _V2_AfterEvent_Updated_Py_Updated\Eejo\Lib\ModbusLib.py", line 104, in ReadModbusData
    ModbusLibcls.regval = ModbusLibcls.instrument.read_registers(0, 7)
                          ^^^^^^^^^^^^^^^^^^^^^^^^^^^^^^^^^^^^^^
AttributeError: 'NoneType' object has no attribute 'read_registers'

2026-01-14 09:18:44 ERROR ReadModbusData(119) ReadModbusData: 'NoneType' object has no attribute 'read_registers'
Traceback (most recent call last):
  File "C:\Users\vchikkay\Desktop\Eejo\Eejo_Shivamogga _V2_AfterEvent_Updated_Py_Updated\Eejo\Lib\ModbusLib.py", line 104, in ReadModbusData
    ModbusLibcls.regval = ModbusLibcls.instrument.read_registers(0, 7)
                          ^^^^^^^^^^^^^^^^^^^^^^^^^^^^^^^^^^^^^^
AttributeError: 'NoneType' object has no attribute 'read_registers'

2026-01-14 09:18:44 ERROR ReadModbusData(119) ReadModbusData: 'NoneType' object has no attribute 'read_registers'
Traceback (most recent call last):
  File "C:\Users\vchikkay\Desktop\Eejo\Eejo_Shivamogga _V2_AfterEvent_Updated_Py_Updated\Eejo\Lib\ModbusLib.py", line 104, in ReadModbusData
    ModbusLibcls.regval = ModbusLibcls.instrument.read_registers(0, 7)
                          ^^^^^^^^^^^^^^^^^^^^^^^^^^^^^^^^^^^^^^
AttributeError: 'NoneType' object has no attribute 'read_registers'

2026-01-14 09:18:44 ERROR ReadModbusData(119) ReadModbusData: 'NoneType' object has no attribute 'read_registers'
Traceback (most recent call last):
  File "C:\Users\vchikkay\Desktop\Eejo\Eejo_Shivamogga _V2_AfterEvent_Updated_Py_Updated\Eejo\Lib\ModbusLib.py", line 104, in ReadModbusData
    ModbusLibcls.regval = ModbusLibcls.instrument.read_registers(0, 7)
                          ^^^^^^^^^^^^^^^^^^^^^^^^^^^^^^^^^^^^^^
AttributeError: 'NoneType' object has no attribute 'read_registers'

2026-01-14 09:18:44 ERROR ReadModbusData(119) ReadModbusData: 'NoneType' object has no attribute 'read_registers'
Traceback (most recent call last):
  File "C:\Users\vchikkay\Desktop\Eejo\Eejo_Shivamogga _V2_AfterEvent_Updated_Py_Updated\Eejo\Lib\ModbusLib.py", line 104, in ReadModbusData
    ModbusLibcls.regval = ModbusLibcls.instrument.read_registers(0, 7)
                          ^^^^^^^^^^^^^^^^^^^^^^^^^^^^^^^^^^^^^^
AttributeError: 'NoneType' object has no attribute 'read_registers'

2026-01-14 09:18:44 ERROR ReadModbusData(119) ReadModbusData: 'NoneType' object has no attribute 'read_registers'
Traceback (most recent call last):
  File "C:\Users\vchikkay\Desktop\Eejo\Eejo_Shivamogga _V2_AfterEvent_Updated_Py_Updated\Eejo\Lib\ModbusLib.py", line 104, in ReadModbusData
    ModbusLibcls.regval = ModbusLibcls.instrument.read_registers(0, 7)
                          ^^^^^^^^^^^^^^^^^^^^^^^^^^^^^^^^^^^^^^
AttributeError: 'NoneType' object has no attribute 'read_registers'

2026-01-14 09:18:44 ERROR ReadModbusData(119) ReadModbusData: 'NoneType' object has no attribute 'read_registers'
Traceback (most recent call last):
  File "C:\Users\vchikkay\Desktop\Eejo\Eejo_Shivamogga _V2_AfterEvent_Updated_Py_Updated\Eejo\Lib\ModbusLib.py", line 104, in ReadModbusData
    ModbusLibcls.regval = ModbusLibcls.instrument.read_registers(0, 7)
                          ^^^^^^^^^^^^^^^^^^^^^^^^^^^^^^^^^^^^^^
AttributeError: 'NoneType' object has no attribute 'read_registers'

2026-01-14 09:18:44 ERROR ReadModbusData(119) ReadModbusData: 'NoneType' object has no attribute 'read_registers'
Traceback (most recent call last):
  File "C:\Users\vchikkay\Desktop\Eejo\Eejo_Shivamogga _V2_AfterEvent_Updated_Py_Updated\Eejo\Lib\ModbusLib.py", line 104, in ReadModbusData
    ModbusLibcls.regval = ModbusLibcls.instrument.read_registers(0, 7)
                          ^^^^^^^^^^^^^^^^^^^^^^^^^^^^^^^^^^^^^^
AttributeError: 'NoneType' object has no attribute 'read_registers'

2026-01-14 09:18:44 ERROR ReadModbusData(119) ReadModbusData: 'NoneType' object has no attribute 'read_registers'
Traceback (most recent call last):
  File "C:\Users\vchikkay\Desktop\Eejo\Eejo_Shivamogga _V2_AfterEvent_Updated_Py_Updated\Eejo\Lib\ModbusLib.py", line 104, in ReadModbusData
    ModbusLibcls.regval = ModbusLibcls.instrument.read_registers(0, 7)
                          ^^^^^^^^^^^^^^^^^^^^^^^^^^^^^^^^^^^^^^
AttributeError: 'NoneType' object has no attribute 'read_registers'

2026-01-14 09:18:44 ERROR ReadModbusData(119) ReadModbusData: 'NoneType' object has no attribute 'read_registers'
Traceback (most recent call last):
  File "C:\Users\vchikkay\Desktop\Eejo\Eejo_Shivamogga _V2_AfterEvent_Updated_Py_Updated\Eejo\Lib\ModbusLib.py", line 104, in ReadModbusData
    ModbusLibcls.regval = ModbusLibcls.instrument.read_registers(0, 7)
                          ^^^^^^^^^^^^^^^^^^^^^^^^^^^^^^^^^^^^^^
AttributeError: 'NoneType' object has no attribute 'read_registers'

2026-01-14 09:18:44 ERROR ReadModbusData(119) ReadModbusData: 'NoneType' object has no attribute 'read_registers'
Traceback (most recent call last):
  File "C:\Users\vchikkay\Desktop\Eejo\Eejo_Shivamogga _V2_AfterEvent_Updated_Py_Updated\Eejo\Lib\ModbusLib.py", line 104, in ReadModbusData
    ModbusLibcls.regval = ModbusLibcls.instrument.read_registers(0, 7)
                          ^^^^^^^^^^^^^^^^^^^^^^^^^^^^^^^^^^^^^^
AttributeError: 'NoneType' object has no attribute 'read_registers'

2026-01-14 09:18:44 ERROR ReadModbusData(119) ReadModbusData: 'NoneType' object has no attribute 'read_registers'
Traceback (most recent call last):
  File "C:\Users\vchikkay\Desktop\Eejo\Eejo_Shivamogga _V2_AfterEvent_Updated_Py_Updated\Eejo\Lib\ModbusLib.py", line 104, in ReadModbusData
    ModbusLibcls.regval = ModbusLibcls.instrument.read_registers(0, 7)
                          ^^^^^^^^^^^^^^^^^^^^^^^^^^^^^^^^^^^^^^
AttributeError: 'NoneType' object has no attribute 'read_registers'

2026-01-14 09:18:45 ERROR ReadModbusData(119) ReadModbusData: 'NoneType' object has no attribute 'read_registers'
Traceback (most recent call last):
  File "C:\Users\vchikkay\Desktop\Eejo\Eejo_Shivamogga _V2_AfterEvent_Updated_Py_Updated\Eejo\Lib\ModbusLib.py", line 104, in ReadModbusData
    ModbusLibcls.regval = ModbusLibcls.instrument.read_registers(0, 7)
                          ^^^^^^^^^^^^^^^^^^^^^^^^^^^^^^^^^^^^^^
AttributeError: 'NoneType' object has no attribute 'read_registers'

2026-01-14 09:18:45 ERROR ReadModbusData(119) ReadModbusData: 'NoneType' object has no attribute 'read_registers'
Traceback (most recent call last):
  File "C:\Users\vchikkay\Desktop\Eejo\Eejo_Shivamogga _V2_AfterEvent_Updated_Py_Updated\Eejo\Lib\ModbusLib.py", line 104, in ReadModbusData
    ModbusLibcls.regval = ModbusLibcls.instrument.read_registers(0, 7)
                          ^^^^^^^^^^^^^^^^^^^^^^^^^^^^^^^^^^^^^^
AttributeError: 'NoneType' object has no attribute 'read_registers'

2026-01-14 09:18:45 ERROR ReadModbusData(119) ReadModbusData: 'NoneType' object has no attribute 'read_registers'
Traceback (most recent call last):
  File "C:\Users\vchikkay\Desktop\Eejo\Eejo_Shivamogga _V2_AfterEvent_Updated_Py_Updated\Eejo\Lib\ModbusLib.py", line 104, in ReadModbusData
    ModbusLibcls.regval = ModbusLibcls.instrument.read_registers(0, 7)
                          ^^^^^^^^^^^^^^^^^^^^^^^^^^^^^^^^^^^^^^
AttributeError: 'NoneType' object has no attribute 'read_registers'

2026-01-14 09:18:45 ERROR ReadModbusData(119) ReadModbusData: 'NoneType' object has no attribute 'read_registers'
Traceback (most recent call last):
  File "C:\Users\vchikkay\Desktop\Eejo\Eejo_Shivamogga _V2_AfterEvent_Updated_Py_Updated\Eejo\Lib\ModbusLib.py", line 104, in ReadModbusData
    ModbusLibcls.regval = ModbusLibcls.instrument.read_registers(0, 7)
                          ^^^^^^^^^^^^^^^^^^^^^^^^^^^^^^^^^^^^^^
AttributeError: 'NoneType' object has no attribute 'read_registers'

2026-01-14 09:18:45 ERROR ReadModbusData(119) ReadModbusData: 'NoneType' object has no attribute 'read_registers'
Traceback (most recent call last):
  File "C:\Users\vchikkay\Desktop\Eejo\Eejo_Shivamogga _V2_AfterEvent_Updated_Py_Updated\Eejo\Lib\ModbusLib.py", line 104, in ReadModbusData
    ModbusLibcls.regval = ModbusLibcls.instrument.read_registers(0, 7)
                          ^^^^^^^^^^^^^^^^^^^^^^^^^^^^^^^^^^^^^^
AttributeError: 'NoneType' object has no attribute 'read_registers'

2026-01-14 09:18:45 ERROR ReadModbusData(119) ReadModbusData: 'NoneType' object has no attribute 'read_registers'
Traceback (most recent call last):
  File "C:\Users\vchikkay\Desktop\Eejo\Eejo_Shivamogga _V2_AfterEvent_Updated_Py_Updated\Eejo\Lib\ModbusLib.py", line 104, in ReadModbusData
    ModbusLibcls.regval = ModbusLibcls.instrument.read_registers(0, 7)
                          ^^^^^^^^^^^^^^^^^^^^^^^^^^^^^^^^^^^^^^
AttributeError: 'NoneType' object has no attribute 'read_registers'

2026-01-14 09:18:45 ERROR ReadModbusData(119) ReadModbusData: 'NoneType' object has no attribute 'read_registers'
Traceback (most recent call last):
  File "C:\Users\vchikkay\Desktop\Eejo\Eejo_Shivamogga _V2_AfterEvent_Updated_Py_Updated\Eejo\Lib\ModbusLib.py", line 104, in ReadModbusData
    ModbusLibcls.regval = ModbusLibcls.instrument.read_registers(0, 7)
                          ^^^^^^^^^^^^^^^^^^^^^^^^^^^^^^^^^^^^^^
AttributeError: 'NoneType' object has no attribute 'read_registers'

2026-01-14 09:18:45 ERROR ReadModbusData(119) ReadModbusData: 'NoneType' object has no attribute 'read_registers'
Traceback (most recent call last):
  File "C:\Users\vchikkay\Desktop\Eejo\Eejo_Shivamogga _V2_AfterEvent_Updated_Py_Updated\Eejo\Lib\ModbusLib.py", line 104, in ReadModbusData
    ModbusLibcls.regval = ModbusLibcls.instrument.read_registers(0, 7)
                          ^^^^^^^^^^^^^^^^^^^^^^^^^^^^^^^^^^^^^^
AttributeError: 'NoneType' object has no attribute 'read_registers'

2026-01-14 09:18:45 ERROR ReadModbusData(119) ReadModbusData: 'NoneType' object has no attribute 'read_registers'
Traceback (most recent call last):
  File "C:\Users\vchikkay\Desktop\Eejo\Eejo_Shivamogga _V2_AfterEvent_Updated_Py_Updated\Eejo\Lib\ModbusLib.py", line 104, in ReadModbusData
    ModbusLibcls.regval = ModbusLibcls.instrument.read_registers(0, 7)
                          ^^^^^^^^^^^^^^^^^^^^^^^^^^^^^^^^^^^^^^
AttributeError: 'NoneType' object has no attribute 'read_registers'

2026-01-14 09:18:45 ERROR ReadModbusData(119) ReadModbusData: 'NoneType' object has no attribute 'read_registers'
Traceback (most recent call last):
  File "C:\Users\vchikkay\Desktop\Eejo\Eejo_Shivamogga _V2_AfterEvent_Updated_Py_Updated\Eejo\Lib\ModbusLib.py", line 104, in ReadModbusData
    ModbusLibcls.regval = ModbusLibcls.instrument.read_registers(0, 7)
                          ^^^^^^^^^^^^^^^^^^^^^^^^^^^^^^^^^^^^^^
AttributeError: 'NoneType' object has no attribute 'read_registers'

2026-01-14 09:18:45 ERROR ReadModbusData(119) ReadModbusData: 'NoneType' object has no attribute 'read_registers'
Traceback (most recent call last):
  File "C:\Users\vchikkay\Desktop\Eejo\Eejo_Shivamogga _V2_AfterEvent_Updated_Py_Updated\Eejo\Lib\ModbusLib.py", line 104, in ReadModbusData
    ModbusLibcls.regval = ModbusLibcls.instrument.read_registers(0, 7)
                          ^^^^^^^^^^^^^^^^^^^^^^^^^^^^^^^^^^^^^^
AttributeError: 'NoneType' object has no attribute 'read_registers'

2026-01-14 09:18:45 ERROR ReadModbusData(119) ReadModbusData: 'NoneType' object has no attribute 'read_registers'
Traceback (most recent call last):
  File "C:\Users\vchikkay\Desktop\Eejo\Eejo_Shivamogga _V2_AfterEvent_Updated_Py_Updated\Eejo\Lib\ModbusLib.py", line 104, in ReadModbusData
    ModbusLibcls.regval = ModbusLibcls.instrument.read_registers(0, 7)
                          ^^^^^^^^^^^^^^^^^^^^^^^^^^^^^^^^^^^^^^
AttributeError: 'NoneType' object has no attribute 'read_registers'

2026-01-14 09:18:45 ERROR ReadModbusData(119) ReadModbusData: 'NoneType' object has no attribute 'read_registers'
Traceback (most recent call last):
  File "C:\Users\vchikkay\Desktop\Eejo\Eejo_Shivamogga _V2_AfterEvent_Updated_Py_Updated\Eejo\Lib\ModbusLib.py", line 104, in ReadModbusData
    ModbusLibcls.regval = ModbusLibcls.instrument.read_registers(0, 7)
                          ^^^^^^^^^^^^^^^^^^^^^^^^^^^^^^^^^^^^^^
AttributeError: 'NoneType' object has no attribute 'read_registers'

2026-01-14 09:18:45 ERROR ReadModbusData(119) ReadModbusData: 'NoneType' object has no attribute 'read_registers'
Traceback (most recent call last):
  File "C:\Users\vchikkay\Desktop\Eejo\Eejo_Shivamogga _V2_AfterEvent_Updated_Py_Updated\Eejo\Lib\ModbusLib.py", line 104, in ReadModbusData
    ModbusLibcls.regval = ModbusLibcls.instrument.read_registers(0, 7)
                          ^^^^^^^^^^^^^^^^^^^^^^^^^^^^^^^^^^^^^^
AttributeError: 'NoneType' object has no attribute 'read_registers'

2026-01-14 09:18:45 ERROR ReadModbusData(119) ReadModbusData: 'NoneType' object has no attribute 'read_registers'
Traceback (most recent call last):
  File "C:\Users\vchikkay\Desktop\Eejo\Eejo_Shivamogga _V2_AfterEvent_Updated_Py_Updated\Eejo\Lib\ModbusLib.py", line 104, in ReadModbusData
    ModbusLibcls.regval = ModbusLibcls.instrument.read_registers(0, 7)
                          ^^^^^^^^^^^^^^^^^^^^^^^^^^^^^^^^^^^^^^
AttributeError: 'NoneType' object has no attribute 'read_registers'

2026-01-14 09:18:46 ERROR ReadModbusData(119) ReadModbusData: 'NoneType' object has no attribute 'read_registers'
Traceback (most recent call last):
  File "C:\Users\vchikkay\Desktop\Eejo\Eejo_Shivamogga _V2_AfterEvent_Updated_Py_Updated\Eejo\Lib\ModbusLib.py", line 104, in ReadModbusData
    ModbusLibcls.regval = ModbusLibcls.instrument.read_registers(0, 7)
                          ^^^^^^^^^^^^^^^^^^^^^^^^^^^^^^^^^^^^^^
AttributeError: 'NoneType' object has no attribute 'read_registers'

2026-01-14 09:18:46 ERROR ReadModbusData(119) ReadModbusData: 'NoneType' object has no attribute 'read_registers'
Traceback (most recent call last):
  File "C:\Users\vchikkay\Desktop\Eejo\Eejo_Shivamogga _V2_AfterEvent_Updated_Py_Updated\Eejo\Lib\ModbusLib.py", line 104, in ReadModbusData
    ModbusLibcls.regval = ModbusLibcls.instrument.read_registers(0, 7)
                          ^^^^^^^^^^^^^^^^^^^^^^^^^^^^^^^^^^^^^^
AttributeError: 'NoneType' object has no attribute 'read_registers'

2026-01-14 09:18:46 ERROR ReadModbusData(119) ReadModbusData: 'NoneType' object has no attribute 'read_registers'
Traceback (most recent call last):
  File "C:\Users\vchikkay\Desktop\Eejo\Eejo_Shivamogga _V2_AfterEvent_Updated_Py_Updated\Eejo\Lib\ModbusLib.py", line 104, in ReadModbusData
    ModbusLibcls.regval = ModbusLibcls.instrument.read_registers(0, 7)
                          ^^^^^^^^^^^^^^^^^^^^^^^^^^^^^^^^^^^^^^
AttributeError: 'NoneType' object has no attribute 'read_registers'

2026-01-14 09:18:46 ERROR ReadModbusData(119) ReadModbusData: 'NoneType' object has no attribute 'read_registers'
Traceback (most recent call last):
  File "C:\Users\vchikkay\Desktop\Eejo\Eejo_Shivamogga _V2_AfterEvent_Updated_Py_Updated\Eejo\Lib\ModbusLib.py", line 104, in ReadModbusData
    ModbusLibcls.regval = ModbusLibcls.instrument.read_registers(0, 7)
                          ^^^^^^^^^^^^^^^^^^^^^^^^^^^^^^^^^^^^^^
AttributeError: 'NoneType' object has no attribute 'read_registers'

2026-01-14 09:18:46 ERROR ReadModbusData(119) ReadModbusData: 'NoneType' object has no attribute 'read_registers'
Traceback (most recent call last):
  File "C:\Users\vchikkay\Desktop\Eejo\Eejo_Shivamogga _V2_AfterEvent_Updated_Py_Updated\Eejo\Lib\ModbusLib.py", line 104, in ReadModbusData
    ModbusLibcls.regval = ModbusLibcls.instrument.read_registers(0, 7)
                          ^^^^^^^^^^^^^^^^^^^^^^^^^^^^^^^^^^^^^^
AttributeError: 'NoneType' object has no attribute 'read_registers'

2026-01-14 09:18:46 ERROR ReadModbusData(119) ReadModbusData: 'NoneType' object has no attribute 'read_registers'
Traceback (most recent call last):
  File "C:\Users\vchikkay\Desktop\Eejo\Eejo_Shivamogga _V2_AfterEvent_Updated_Py_Updated\Eejo\Lib\ModbusLib.py", line 104, in ReadModbusData
    ModbusLibcls.regval = ModbusLibcls.instrument.read_registers(0, 7)
                          ^^^^^^^^^^^^^^^^^^^^^^^^^^^^^^^^^^^^^^
AttributeError: 'NoneType' object has no attribute 'read_registers'

2026-01-14 09:18:46 ERROR ReadModbusData(119) ReadModbusData: 'NoneType' object has no attribute 'read_registers'
Traceback (most recent call last):
  File "C:\Users\vchikkay\Desktop\Eejo\Eejo_Shivamogga _V2_AfterEvent_Updated_Py_Updated\Eejo\Lib\ModbusLib.py", line 104, in ReadModbusData
    ModbusLibcls.regval = ModbusLibcls.instrument.read_registers(0, 7)
                          ^^^^^^^^^^^^^^^^^^^^^^^^^^^^^^^^^^^^^^
AttributeError: 'NoneType' object has no attribute 'read_registers'

2026-01-14 09:18:46 ERROR ReadModbusData(119) ReadModbusData: 'NoneType' object has no attribute 'read_registers'
Traceback (most recent call last):
  File "C:\Users\vchikkay\Desktop\Eejo\Eejo_Shivamogga _V2_AfterEvent_Updated_Py_Updated\Eejo\Lib\ModbusLib.py", line 104, in ReadModbusData
    ModbusLibcls.regval = ModbusLibcls.instrument.read_registers(0, 7)
                          ^^^^^^^^^^^^^^^^^^^^^^^^^^^^^^^^^^^^^^
AttributeError: 'NoneType' object has no attribute 'read_registers'

2026-01-14 09:18:46 ERROR ReadModbusData(119) ReadModbusData: 'NoneType' object has no attribute 'read_registers'
Traceback (most recent call last):
  File "C:\Users\vchikkay\Desktop\Eejo\Eejo_Shivamogga _V2_AfterEvent_Updated_Py_Updated\Eejo\Lib\ModbusLib.py", line 104, in ReadModbusData
    ModbusLibcls.regval = ModbusLibcls.instrument.read_registers(0, 7)
                          ^^^^^^^^^^^^^^^^^^^^^^^^^^^^^^^^^^^^^^
AttributeError: 'NoneType' object has no attribute 'read_registers'

2026-01-14 09:18:46 ERROR ReadModbusData(119) ReadModbusData: 'NoneType' object has no attribute 'read_registers'
Traceback (most recent call last):
  File "C:\Users\vchikkay\Desktop\Eejo\Eejo_Shivamogga _V2_AfterEvent_Updated_Py_Updated\Eejo\Lib\ModbusLib.py", line 104, in ReadModbusData
    ModbusLibcls.regval = ModbusLibcls.instrument.read_registers(0, 7)
                          ^^^^^^^^^^^^^^^^^^^^^^^^^^^^^^^^^^^^^^
AttributeError: 'NoneType' object has no attribute 'read_registers'

2026-01-14 09:18:46 ERROR ReadModbusData(119) ReadModbusData: 'NoneType' object has no attribute 'read_registers'
Traceback (most recent call last):
  File "C:\Users\vchikkay\Desktop\Eejo\Eejo_Shivamogga _V2_AfterEvent_Updated_Py_Updated\Eejo\Lib\ModbusLib.py", line 104, in ReadModbusData
    ModbusLibcls.regval = ModbusLibcls.instrument.read_registers(0, 7)
                          ^^^^^^^^^^^^^^^^^^^^^^^^^^^^^^^^^^^^^^
AttributeError: 'NoneType' object has no attribute 'read_registers'

2026-01-14 09:18:46 ERROR ReadModbusData(119) ReadModbusData: 'NoneType' object has no attribute 'read_registers'
Traceback (most recent call last):
  File "C:\Users\vchikkay\Desktop\Eejo\Eejo_Shivamogga _V2_AfterEvent_Updated_Py_Updated\Eejo\Lib\ModbusLib.py", line 104, in ReadModbusData
    ModbusLibcls.regval = ModbusLibcls.instrument.read_registers(0, 7)
                          ^^^^^^^^^^^^^^^^^^^^^^^^^^^^^^^^^^^^^^
AttributeError: 'NoneType' object has no attribute 'read_registers'

2026-01-14 09:18:46 ERROR ReadModbusData(119) ReadModbusData: 'NoneType' object has no attribute 'read_registers'
Traceback (most recent call last):
  File "C:\Users\vchikkay\Desktop\Eejo\Eejo_Shivamogga _V2_AfterEvent_Updated_Py_Updated\Eejo\Lib\ModbusLib.py", line 104, in ReadModbusData
    ModbusLibcls.regval = ModbusLibcls.instrument.read_registers(0, 7)
                          ^^^^^^^^^^^^^^^^^^^^^^^^^^^^^^^^^^^^^^
AttributeError: 'NoneType' object has no attribute 'read_registers'

2026-01-14 09:18:46 ERROR ReadModbusData(119) ReadModbusData: 'NoneType' object has no attribute 'read_registers'
Traceback (most recent call last):
  File "C:\Users\vchikkay\Desktop\Eejo\Eejo_Shivamogga _V2_AfterEvent_Updated_Py_Updated\Eejo\Lib\ModbusLib.py", line 104, in ReadModbusData
    ModbusLibcls.regval = ModbusLibcls.instrument.read_registers(0, 7)
                          ^^^^^^^^^^^^^^^^^^^^^^^^^^^^^^^^^^^^^^
AttributeError: 'NoneType' object has no attribute 'read_registers'

2026-01-14 09:18:46 ERROR ReadModbusData(119) ReadModbusData: 'NoneType' object has no attribute 'read_registers'
Traceback (most recent call last):
  File "C:\Users\vchikkay\Desktop\Eejo\Eejo_Shivamogga _V2_AfterEvent_Updated_Py_Updated\Eejo\Lib\ModbusLib.py", line 104, in ReadModbusData
    ModbusLibcls.regval = ModbusLibcls.instrument.read_registers(0, 7)
                          ^^^^^^^^^^^^^^^^^^^^^^^^^^^^^^^^^^^^^^
AttributeError: 'NoneType' object has no attribute 'read_registers'

2026-01-14 09:18:47 ERROR ReadModbusData(119) ReadModbusData: 'NoneType' object has no attribute 'read_registers'
Traceback (most recent call last):
  File "C:\Users\vchikkay\Desktop\Eejo\Eejo_Shivamogga _V2_AfterEvent_Updated_Py_Updated\Eejo\Lib\ModbusLib.py", line 104, in ReadModbusData
    ModbusLibcls.regval = ModbusLibcls.instrument.read_registers(0, 7)
                          ^^^^^^^^^^^^^^^^^^^^^^^^^^^^^^^^^^^^^^
AttributeError: 'NoneType' object has no attribute 'read_registers'

2026-01-14 09:18:47 ERROR ReadModbusData(119) ReadModbusData: 'NoneType' object has no attribute 'read_registers'
Traceback (most recent call last):
  File "C:\Users\vchikkay\Desktop\Eejo\Eejo_Shivamogga _V2_AfterEvent_Updated_Py_Updated\Eejo\Lib\ModbusLib.py", line 104, in ReadModbusData
    ModbusLibcls.regval = ModbusLibcls.instrument.read_registers(0, 7)
                          ^^^^^^^^^^^^^^^^^^^^^^^^^^^^^^^^^^^^^^
AttributeError: 'NoneType' object has no attribute 'read_registers'

2026-01-14 09:18:47 ERROR ReadModbusData(119) ReadModbusData: 'NoneType' object has no attribute 'read_registers'
Traceback (most recent call last):
  File "C:\Users\vchikkay\Desktop\Eejo\Eejo_Shivamogga _V2_AfterEvent_Updated_Py_Updated\Eejo\Lib\ModbusLib.py", line 104, in ReadModbusData
    ModbusLibcls.regval = ModbusLibcls.instrument.read_registers(0, 7)
                          ^^^^^^^^^^^^^^^^^^^^^^^^^^^^^^^^^^^^^^
AttributeError: 'NoneType' object has no attribute 'read_registers'

2026-01-14 09:18:47 ERROR ReadModbusData(119) ReadModbusData: 'NoneType' object has no attribute 'read_registers'
Traceback (most recent call last):
  File "C:\Users\vchikkay\Desktop\Eejo\Eejo_Shivamogga _V2_AfterEvent_Updated_Py_Updated\Eejo\Lib\ModbusLib.py", line 104, in ReadModbusData
    ModbusLibcls.regval = ModbusLibcls.instrument.read_registers(0, 7)
                          ^^^^^^^^^^^^^^^^^^^^^^^^^^^^^^^^^^^^^^
AttributeError: 'NoneType' object has no attribute 'read_registers'

2026-01-14 09:18:47 ERROR ReadModbusData(119) ReadModbusData: 'NoneType' object has no attribute 'read_registers'
Traceback (most recent call last):
  File "C:\Users\vchikkay\Desktop\Eejo\Eejo_Shivamogga _V2_AfterEvent_Updated_Py_Updated\Eejo\Lib\ModbusLib.py", line 104, in ReadModbusData
    ModbusLibcls.regval = ModbusLibcls.instrument.read_registers(0, 7)
                          ^^^^^^^^^^^^^^^^^^^^^^^^^^^^^^^^^^^^^^
AttributeError: 'NoneType' object has no attribute 'read_registers'

2026-01-14 09:18:47 ERROR ReadModbusData(119) ReadModbusData: 'NoneType' object has no attribute 'read_registers'
Traceback (most recent call last):
  File "C:\Users\vchikkay\Desktop\Eejo\Eejo_Shivamogga _V2_AfterEvent_Updated_Py_Updated\Eejo\Lib\ModbusLib.py", line 104, in ReadModbusData
    ModbusLibcls.regval = ModbusLibcls.instrument.read_registers(0, 7)
                          ^^^^^^^^^^^^^^^^^^^^^^^^^^^^^^^^^^^^^^
AttributeError: 'NoneType' object has no attribute 'read_registers'

2026-01-14 09:18:47 ERROR ReadModbusData(119) ReadModbusData: 'NoneType' object has no attribute 'read_registers'
Traceback (most recent call last):
  File "C:\Users\vchikkay\Desktop\Eejo\Eejo_Shivamogga _V2_AfterEvent_Updated_Py_Updated\Eejo\Lib\ModbusLib.py", line 104, in ReadModbusData
    ModbusLibcls.regval = ModbusLibcls.instrument.read_registers(0, 7)
                          ^^^^^^^^^^^^^^^^^^^^^^^^^^^^^^^^^^^^^^
AttributeError: 'NoneType' object has no attribute 'read_registers'

2026-01-14 09:18:47 ERROR ReadModbusData(119) ReadModbusData: 'NoneType' object has no attribute 'read_registers'
Traceback (most recent call last):
  File "C:\Users\vchikkay\Desktop\Eejo\Eejo_Shivamogga _V2_AfterEvent_Updated_Py_Updated\Eejo\Lib\ModbusLib.py", line 104, in ReadModbusData
    ModbusLibcls.regval = ModbusLibcls.instrument.read_registers(0, 7)
                          ^^^^^^^^^^^^^^^^^^^^^^^^^^^^^^^^^^^^^^
AttributeError: 'NoneType' object has no attribute 'read_registers'

2026-01-14 09:18:47 ERROR ReadModbusData(119) ReadModbusData: 'NoneType' object has no attribute 'read_registers'
Traceback (most recent call last):
  File "C:\Users\vchikkay\Desktop\Eejo\Eejo_Shivamogga _V2_AfterEvent_Updated_Py_Updated\Eejo\Lib\ModbusLib.py", line 104, in ReadModbusData
    ModbusLibcls.regval = ModbusLibcls.instrument.read_registers(0, 7)
                          ^^^^^^^^^^^^^^^^^^^^^^^^^^^^^^^^^^^^^^
AttributeError: 'NoneType' object has no attribute 'read_registers'

2026-01-14 09:18:47 ERROR ReadModbusData(119) ReadModbusData: 'NoneType' object has no attribute 'read_registers'
Traceback (most recent call last):
  File "C:\Users\vchikkay\Desktop\Eejo\Eejo_Shivamogga _V2_AfterEvent_Updated_Py_Updated\Eejo\Lib\ModbusLib.py", line 104, in ReadModbusData
    ModbusLibcls.regval = ModbusLibcls.instrument.read_registers(0, 7)
                          ^^^^^^^^^^^^^^^^^^^^^^^^^^^^^^^^^^^^^^
AttributeError: 'NoneType' object has no attribute 'read_registers'

2026-01-14 09:18:47 ERROR ReadModbusData(119) ReadModbusData: 'NoneType' object has no attribute 'read_registers'
Traceback (most recent call last):
  File "C:\Users\vchikkay\Desktop\Eejo\Eejo_Shivamogga _V2_AfterEvent_Updated_Py_Updated\Eejo\Lib\ModbusLib.py", line 104, in ReadModbusData
    ModbusLibcls.regval = ModbusLibcls.instrument.read_registers(0, 7)
                          ^^^^^^^^^^^^^^^^^^^^^^^^^^^^^^^^^^^^^^
AttributeError: 'NoneType' object has no attribute 'read_registers'

2026-01-14 09:18:47 ERROR ReadModbusData(119) ReadModbusData: 'NoneType' object has no attribute 'read_registers'
Traceback (most recent call last):
  File "C:\Users\vchikkay\Desktop\Eejo\Eejo_Shivamogga _V2_AfterEvent_Updated_Py_Updated\Eejo\Lib\ModbusLib.py", line 104, in ReadModbusData
    ModbusLibcls.regval = ModbusLibcls.instrument.read_registers(0, 7)
                          ^^^^^^^^^^^^^^^^^^^^^^^^^^^^^^^^^^^^^^
AttributeError: 'NoneType' object has no attribute 'read_registers'

2026-01-14 09:18:47 ERROR ReadModbusData(119) ReadModbusData: 'NoneType' object has no attribute 'read_registers'
Traceback (most recent call last):
  File "C:\Users\vchikkay\Desktop\Eejo\Eejo_Shivamogga _V2_AfterEvent_Updated_Py_Updated\Eejo\Lib\ModbusLib.py", line 104, in ReadModbusData
    ModbusLibcls.regval = ModbusLibcls.instrument.read_registers(0, 7)
                          ^^^^^^^^^^^^^^^^^^^^^^^^^^^^^^^^^^^^^^
AttributeError: 'NoneType' object has no attribute 'read_registers'

2026-01-14 09:18:47 ERROR ReadModbusData(119) ReadModbusData: 'NoneType' object has no attribute 'read_registers'
Traceback (most recent call last):
  File "C:\Users\vchikkay\Desktop\Eejo\Eejo_Shivamogga _V2_AfterEvent_Updated_Py_Updated\Eejo\Lib\ModbusLib.py", line 104, in ReadModbusData
    ModbusLibcls.regval = ModbusLibcls.instrument.read_registers(0, 7)
                          ^^^^^^^^^^^^^^^^^^^^^^^^^^^^^^^^^^^^^^
AttributeError: 'NoneType' object has no attribute 'read_registers'

2026-01-14 09:18:48 ERROR ReadModbusData(119) ReadModbusData: 'NoneType' object has no attribute 'read_registers'
Traceback (most recent call last):
  File "C:\Users\vchikkay\Desktop\Eejo\Eejo_Shivamogga _V2_AfterEvent_Updated_Py_Updated\Eejo\Lib\ModbusLib.py", line 104, in ReadModbusData
    ModbusLibcls.regval = ModbusLibcls.instrument.read_registers(0, 7)
                          ^^^^^^^^^^^^^^^^^^^^^^^^^^^^^^^^^^^^^^
AttributeError: 'NoneType' object has no attribute 'read_registers'

2026-01-14 09:18:48 ERROR ReadModbusData(119) ReadModbusData: 'NoneType' object has no attribute 'read_registers'
Traceback (most recent call last):
  File "C:\Users\vchikkay\Desktop\Eejo\Eejo_Shivamogga _V2_AfterEvent_Updated_Py_Updated\Eejo\Lib\ModbusLib.py", line 104, in ReadModbusData
    ModbusLibcls.regval = ModbusLibcls.instrument.read_registers(0, 7)
                          ^^^^^^^^^^^^^^^^^^^^^^^^^^^^^^^^^^^^^^
AttributeError: 'NoneType' object has no attribute 'read_registers'

2026-01-14 09:18:48 ERROR ReadModbusData(119) ReadModbusData: 'NoneType' object has no attribute 'read_registers'
Traceback (most recent call last):
  File "C:\Users\vchikkay\Desktop\Eejo\Eejo_Shivamogga _V2_AfterEvent_Updated_Py_Updated\Eejo\Lib\ModbusLib.py", line 104, in ReadModbusData
    ModbusLibcls.regval = ModbusLibcls.instrument.read_registers(0, 7)
                          ^^^^^^^^^^^^^^^^^^^^^^^^^^^^^^^^^^^^^^
AttributeError: 'NoneType' object has no attribute 'read_registers'

2026-01-14 09:18:48 ERROR ReadModbusData(119) ReadModbusData: 'NoneType' object has no attribute 'read_registers'
Traceback (most recent call last):
  File "C:\Users\vchikkay\Desktop\Eejo\Eejo_Shivamogga _V2_AfterEvent_Updated_Py_Updated\Eejo\Lib\ModbusLib.py", line 104, in ReadModbusData
    ModbusLibcls.regval = ModbusLibcls.instrument.read_registers(0, 7)
                          ^^^^^^^^^^^^^^^^^^^^^^^^^^^^^^^^^^^^^^
AttributeError: 'NoneType' object has no attribute 'read_registers'

2026-01-14 09:18:48 ERROR ReadModbusData(119) ReadModbusData: 'NoneType' object has no attribute 'read_registers'
Traceback (most recent call last):
  File "C:\Users\vchikkay\Desktop\Eejo\Eejo_Shivamogga _V2_AfterEvent_Updated_Py_Updated\Eejo\Lib\ModbusLib.py", line 104, in ReadModbusData
    ModbusLibcls.regval = ModbusLibcls.instrument.read_registers(0, 7)
                          ^^^^^^^^^^^^^^^^^^^^^^^^^^^^^^^^^^^^^^
AttributeError: 'NoneType' object has no attribute 'read_registers'

2026-01-14 09:18:48 ERROR ReadModbusData(119) ReadModbusData: 'NoneType' object has no attribute 'read_registers'
Traceback (most recent call last):
  File "C:\Users\vchikkay\Desktop\Eejo\Eejo_Shivamogga _V2_AfterEvent_Updated_Py_Updated\Eejo\Lib\ModbusLib.py", line 104, in ReadModbusData
    ModbusLibcls.regval = ModbusLibcls.instrument.read_registers(0, 7)
                          ^^^^^^^^^^^^^^^^^^^^^^^^^^^^^^^^^^^^^^
AttributeError: 'NoneType' object has no attribute 'read_registers'

2026-01-14 09:18:48 ERROR ReadModbusData(119) ReadModbusData: 'NoneType' object has no attribute 'read_registers'
Traceback (most recent call last):
  File "C:\Users\vchikkay\Desktop\Eejo\Eejo_Shivamogga _V2_AfterEvent_Updated_Py_Updated\Eejo\Lib\ModbusLib.py", line 104, in ReadModbusData
    ModbusLibcls.regval = ModbusLibcls.instrument.read_registers(0, 7)
                          ^^^^^^^^^^^^^^^^^^^^^^^^^^^^^^^^^^^^^^
AttributeError: 'NoneType' object has no attribute 'read_registers'

2026-01-14 09:18:48 ERROR ReadModbusData(119) ReadModbusData: 'NoneType' object has no attribute 'read_registers'
Traceback (most recent call last):
  File "C:\Users\vchikkay\Desktop\Eejo\Eejo_Shivamogga _V2_AfterEvent_Updated_Py_Updated\Eejo\Lib\ModbusLib.py", line 104, in ReadModbusData
    ModbusLibcls.regval = ModbusLibcls.instrument.read_registers(0, 7)
                          ^^^^^^^^^^^^^^^^^^^^^^^^^^^^^^^^^^^^^^
AttributeError: 'NoneType' object has no attribute 'read_registers'

2026-01-14 09:18:48 ERROR ReadModbusData(119) ReadModbusData: 'NoneType' object has no attribute 'read_registers'
Traceback (most recent call last):
  File "C:\Users\vchikkay\Desktop\Eejo\Eejo_Shivamogga _V2_AfterEvent_Updated_Py_Updated\Eejo\Lib\ModbusLib.py", line 104, in ReadModbusData
    ModbusLibcls.regval = ModbusLibcls.instrument.read_registers(0, 7)
                          ^^^^^^^^^^^^^^^^^^^^^^^^^^^^^^^^^^^^^^
AttributeError: 'NoneType' object has no attribute 'read_registers'

2026-01-14 09:18:48 ERROR ReadModbusData(119) ReadModbusData: 'NoneType' object has no attribute 'read_registers'
Traceback (most recent call last):
  File "C:\Users\vchikkay\Desktop\Eejo\Eejo_Shivamogga _V2_AfterEvent_Updated_Py_Updated\Eejo\Lib\ModbusLib.py", line 104, in ReadModbusData
    ModbusLibcls.regval = ModbusLibcls.instrument.read_registers(0, 7)
                          ^^^^^^^^^^^^^^^^^^^^^^^^^^^^^^^^^^^^^^
AttributeError: 'NoneType' object has no attribute 'read_registers'

2026-01-14 09:18:48 ERROR ReadModbusData(119) ReadModbusData: 'NoneType' object has no attribute 'read_registers'
Traceback (most recent call last):
  File "C:\Users\vchikkay\Desktop\Eejo\Eejo_Shivamogga _V2_AfterEvent_Updated_Py_Updated\Eejo\Lib\ModbusLib.py", line 104, in ReadModbusData
    ModbusLibcls.regval = ModbusLibcls.instrument.read_registers(0, 7)
                          ^^^^^^^^^^^^^^^^^^^^^^^^^^^^^^^^^^^^^^
AttributeError: 'NoneType' object has no attribute 'read_registers'

2026-01-14 09:18:48 ERROR ReadModbusData(119) ReadModbusData: 'NoneType' object has no attribute 'read_registers'
Traceback (most recent call last):
  File "C:\Users\vchikkay\Desktop\Eejo\Eejo_Shivamogga _V2_AfterEvent_Updated_Py_Updated\Eejo\Lib\ModbusLib.py", line 104, in ReadModbusData
    ModbusLibcls.regval = ModbusLibcls.instrument.read_registers(0, 7)
                          ^^^^^^^^^^^^^^^^^^^^^^^^^^^^^^^^^^^^^^
AttributeError: 'NoneType' object has no attribute 'read_registers'

2026-01-14 09:18:48 ERROR ReadModbusData(119) ReadModbusData: 'NoneType' object has no attribute 'read_registers'
Traceback (most recent call last):
  File "C:\Users\vchikkay\Desktop\Eejo\Eejo_Shivamogga _V2_AfterEvent_Updated_Py_Updated\Eejo\Lib\ModbusLib.py", line 104, in ReadModbusData
    ModbusLibcls.regval = ModbusLibcls.instrument.read_registers(0, 7)
                          ^^^^^^^^^^^^^^^^^^^^^^^^^^^^^^^^^^^^^^
AttributeError: 'NoneType' object has no attribute 'read_registers'

2026-01-14 09:18:48 ERROR ReadModbusData(119) ReadModbusData: 'NoneType' object has no attribute 'read_registers'
Traceback (most recent call last):
  File "C:\Users\vchikkay\Desktop\Eejo\Eejo_Shivamogga _V2_AfterEvent_Updated_Py_Updated\Eejo\Lib\ModbusLib.py", line 104, in ReadModbusData
    ModbusLibcls.regval = ModbusLibcls.instrument.read_registers(0, 7)
                          ^^^^^^^^^^^^^^^^^^^^^^^^^^^^^^^^^^^^^^
AttributeError: 'NoneType' object has no attribute 'read_registers'

2026-01-14 09:18:48 ERROR ReadModbusData(119) ReadModbusData: 'NoneType' object has no attribute 'read_registers'
Traceback (most recent call last):
  File "C:\Users\vchikkay\Desktop\Eejo\Eejo_Shivamogga _V2_AfterEvent_Updated_Py_Updated\Eejo\Lib\ModbusLib.py", line 104, in ReadModbusData
    ModbusLibcls.regval = ModbusLibcls.instrument.read_registers(0, 7)
                          ^^^^^^^^^^^^^^^^^^^^^^^^^^^^^^^^^^^^^^
AttributeError: 'NoneType' object has no attribute 'read_registers'

2026-01-14 09:18:49 ERROR ReadModbusData(119) ReadModbusData: 'NoneType' object has no attribute 'read_registers'
Traceback (most recent call last):
  File "C:\Users\vchikkay\Desktop\Eejo\Eejo_Shivamogga _V2_AfterEvent_Updated_Py_Updated\Eejo\Lib\ModbusLib.py", line 104, in ReadModbusData
    ModbusLibcls.regval = ModbusLibcls.instrument.read_registers(0, 7)
                          ^^^^^^^^^^^^^^^^^^^^^^^^^^^^^^^^^^^^^^
AttributeError: 'NoneType' object has no attribute 'read_registers'

2026-01-14 09:18:49 ERROR ReadModbusData(119) ReadModbusData: 'NoneType' object has no attribute 'read_registers'
Traceback (most recent call last):
  File "C:\Users\vchikkay\Desktop\Eejo\Eejo_Shivamogga _V2_AfterEvent_Updated_Py_Updated\Eejo\Lib\ModbusLib.py", line 104, in ReadModbusData
    ModbusLibcls.regval = ModbusLibcls.instrument.read_registers(0, 7)
                          ^^^^^^^^^^^^^^^^^^^^^^^^^^^^^^^^^^^^^^
AttributeError: 'NoneType' object has no attribute 'read_registers'

2026-01-14 09:18:49 ERROR ReadModbusData(119) ReadModbusData: 'NoneType' object has no attribute 'read_registers'
Traceback (most recent call last):
  File "C:\Users\vchikkay\Desktop\Eejo\Eejo_Shivamogga _V2_AfterEvent_Updated_Py_Updated\Eejo\Lib\ModbusLib.py", line 104, in ReadModbusData
    ModbusLibcls.regval = ModbusLibcls.instrument.read_registers(0, 7)
                          ^^^^^^^^^^^^^^^^^^^^^^^^^^^^^^^^^^^^^^
AttributeError: 'NoneType' object has no attribute 'read_registers'

2026-01-14 09:18:49 ERROR ReadModbusData(119) ReadModbusData: 'NoneType' object has no attribute 'read_registers'
Traceback (most recent call last):
  File "C:\Users\vchikkay\Desktop\Eejo\Eejo_Shivamogga _V2_AfterEvent_Updated_Py_Updated\Eejo\Lib\ModbusLib.py", line 104, in ReadModbusData
    ModbusLibcls.regval = ModbusLibcls.instrument.read_registers(0, 7)
                          ^^^^^^^^^^^^^^^^^^^^^^^^^^^^^^^^^^^^^^
AttributeError: 'NoneType' object has no attribute 'read_registers'

2026-01-14 09:18:49 ERROR ReadModbusData(119) ReadModbusData: 'NoneType' object has no attribute 'read_registers'
Traceback (most recent call last):
  File "C:\Users\vchikkay\Desktop\Eejo\Eejo_Shivamogga _V2_AfterEvent_Updated_Py_Updated\Eejo\Lib\ModbusLib.py", line 104, in ReadModbusData
    ModbusLibcls.regval = ModbusLibcls.instrument.read_registers(0, 7)
                          ^^^^^^^^^^^^^^^^^^^^^^^^^^^^^^^^^^^^^^
AttributeError: 'NoneType' object has no attribute 'read_registers'

2026-01-14 09:18:49 ERROR ReadModbusData(119) ReadModbusData: 'NoneType' object has no attribute 'read_registers'
Traceback (most recent call last):
  File "C:\Users\vchikkay\Desktop\Eejo\Eejo_Shivamogga _V2_AfterEvent_Updated_Py_Updated\Eejo\Lib\ModbusLib.py", line 104, in ReadModbusData
    ModbusLibcls.regval = ModbusLibcls.instrument.read_registers(0, 7)
                          ^^^^^^^^^^^^^^^^^^^^^^^^^^^^^^^^^^^^^^
AttributeError: 'NoneType' object has no attribute 'read_registers'

2026-01-14 09:18:49 ERROR ReadModbusData(119) ReadModbusData: 'NoneType' object has no attribute 'read_registers'
Traceback (most recent call last):
  File "C:\Users\vchikkay\Desktop\Eejo\Eejo_Shivamogga _V2_AfterEvent_Updated_Py_Updated\Eejo\Lib\ModbusLib.py", line 104, in ReadModbusData
    ModbusLibcls.regval = ModbusLibcls.instrument.read_registers(0, 7)
                          ^^^^^^^^^^^^^^^^^^^^^^^^^^^^^^^^^^^^^^
AttributeError: 'NoneType' object has no attribute 'read_registers'

2026-01-14 09:18:49 ERROR ReadModbusData(119) ReadModbusData: 'NoneType' object has no attribute 'read_registers'
Traceback (most recent call last):
  File "C:\Users\vchikkay\Desktop\Eejo\Eejo_Shivamogga _V2_AfterEvent_Updated_Py_Updated\Eejo\Lib\ModbusLib.py", line 104, in ReadModbusData
    ModbusLibcls.regval = ModbusLibcls.instrument.read_registers(0, 7)
                          ^^^^^^^^^^^^^^^^^^^^^^^^^^^^^^^^^^^^^^
AttributeError: 'NoneType' object has no attribute 'read_registers'

2026-01-14 09:18:49 ERROR ReadModbusData(119) ReadModbusData: 'NoneType' object has no attribute 'read_registers'
Traceback (most recent call last):
  File "C:\Users\vchikkay\Desktop\Eejo\Eejo_Shivamogga _V2_AfterEvent_Updated_Py_Updated\Eejo\Lib\ModbusLib.py", line 104, in ReadModbusData
    ModbusLibcls.regval = ModbusLibcls.instrument.read_registers(0, 7)
                          ^^^^^^^^^^^^^^^^^^^^^^^^^^^^^^^^^^^^^^
AttributeError: 'NoneType' object has no attribute 'read_registers'

2026-01-14 09:18:49 ERROR ReadModbusData(119) ReadModbusData: 'NoneType' object has no attribute 'read_registers'
Traceback (most recent call last):
  File "C:\Users\vchikkay\Desktop\Eejo\Eejo_Shivamogga _V2_AfterEvent_Updated_Py_Updated\Eejo\Lib\ModbusLib.py", line 104, in ReadModbusData
    ModbusLibcls.regval = ModbusLibcls.instrument.read_registers(0, 7)
                          ^^^^^^^^^^^^^^^^^^^^^^^^^^^^^^^^^^^^^^
AttributeError: 'NoneType' object has no attribute 'read_registers'

2026-01-14 09:18:49 ERROR ReadModbusData(119) ReadModbusData: 'NoneType' object has no attribute 'read_registers'
Traceback (most recent call last):
  File "C:\Users\vchikkay\Desktop\Eejo\Eejo_Shivamogga _V2_AfterEvent_Updated_Py_Updated\Eejo\Lib\ModbusLib.py", line 104, in ReadModbusData
    ModbusLibcls.regval = ModbusLibcls.instrument.read_registers(0, 7)
                          ^^^^^^^^^^^^^^^^^^^^^^^^^^^^^^^^^^^^^^
AttributeError: 'NoneType' object has no attribute 'read_registers'

2026-01-14 09:18:49 ERROR ReadModbusData(119) ReadModbusData: 'NoneType' object has no attribute 'read_registers'
Traceback (most recent call last):
  File "C:\Users\vchikkay\Desktop\Eejo\Eejo_Shivamogga _V2_AfterEvent_Updated_Py_Updated\Eejo\Lib\ModbusLib.py", line 104, in ReadModbusData
    ModbusLibcls.regval = ModbusLibcls.instrument.read_registers(0, 7)
                          ^^^^^^^^^^^^^^^^^^^^^^^^^^^^^^^^^^^^^^
AttributeError: 'NoneType' object has no attribute 'read_registers'

2026-01-14 09:18:49 ERROR ReadModbusData(119) ReadModbusData: 'NoneType' object has no attribute 'read_registers'
Traceback (most recent call last):
  File "C:\Users\vchikkay\Desktop\Eejo\Eejo_Shivamogga _V2_AfterEvent_Updated_Py_Updated\Eejo\Lib\ModbusLib.py", line 104, in ReadModbusData
    ModbusLibcls.regval = ModbusLibcls.instrument.read_registers(0, 7)
                          ^^^^^^^^^^^^^^^^^^^^^^^^^^^^^^^^^^^^^^
AttributeError: 'NoneType' object has no attribute 'read_registers'

2026-01-14 09:18:49 ERROR ReadModbusData(119) ReadModbusData: 'NoneType' object has no attribute 'read_registers'
Traceback (most recent call last):
  File "C:\Users\vchikkay\Desktop\Eejo\Eejo_Shivamogga _V2_AfterEvent_Updated_Py_Updated\Eejo\Lib\ModbusLib.py", line 104, in ReadModbusData
    ModbusLibcls.regval = ModbusLibcls.instrument.read_registers(0, 7)
                          ^^^^^^^^^^^^^^^^^^^^^^^^^^^^^^^^^^^^^^
AttributeError: 'NoneType' object has no attribute 'read_registers'

2026-01-14 09:18:49 ERROR ReadModbusData(119) ReadModbusData: 'NoneType' object has no attribute 'read_registers'
Traceback (most recent call last):
  File "C:\Users\vchikkay\Desktop\Eejo\Eejo_Shivamogga _V2_AfterEvent_Updated_Py_Updated\Eejo\Lib\ModbusLib.py", line 104, in ReadModbusData
    ModbusLibcls.regval = ModbusLibcls.instrument.read_registers(0, 7)
                          ^^^^^^^^^^^^^^^^^^^^^^^^^^^^^^^^^^^^^^
AttributeError: 'NoneType' object has no attribute 'read_registers'

2026-01-14 09:18:50 ERROR ReadModbusData(119) ReadModbusData: 'NoneType' object has no attribute 'read_registers'
Traceback (most recent call last):
  File "C:\Users\vchikkay\Desktop\Eejo\Eejo_Shivamogga _V2_AfterEvent_Updated_Py_Updated\Eejo\Lib\ModbusLib.py", line 104, in ReadModbusData
    ModbusLibcls.regval = ModbusLibcls.instrument.read_registers(0, 7)
                          ^^^^^^^^^^^^^^^^^^^^^^^^^^^^^^^^^^^^^^
AttributeError: 'NoneType' object has no attribute 'read_registers'

2026-01-14 09:18:50 ERROR ReadModbusData(119) ReadModbusData: 'NoneType' object has no attribute 'read_registers'
Traceback (most recent call last):
  File "C:\Users\vchikkay\Desktop\Eejo\Eejo_Shivamogga _V2_AfterEvent_Updated_Py_Updated\Eejo\Lib\ModbusLib.py", line 104, in ReadModbusData
    ModbusLibcls.regval = ModbusLibcls.instrument.read_registers(0, 7)
                          ^^^^^^^^^^^^^^^^^^^^^^^^^^^^^^^^^^^^^^
AttributeError: 'NoneType' object has no attribute 'read_registers'

2026-01-14 09:18:50 ERROR ReadModbusData(119) ReadModbusData: 'NoneType' object has no attribute 'read_registers'
Traceback (most recent call last):
  File "C:\Users\vchikkay\Desktop\Eejo\Eejo_Shivamogga _V2_AfterEvent_Updated_Py_Updated\Eejo\Lib\ModbusLib.py", line 104, in ReadModbusData
    ModbusLibcls.regval = ModbusLibcls.instrument.read_registers(0, 7)
                          ^^^^^^^^^^^^^^^^^^^^^^^^^^^^^^^^^^^^^^
AttributeError: 'NoneType' object has no attribute 'read_registers'

2026-01-14 09:18:50 ERROR ReadModbusData(119) ReadModbusData: 'NoneType' object has no attribute 'read_registers'
Traceback (most recent call last):
  File "C:\Users\vchikkay\Desktop\Eejo\Eejo_Shivamogga _V2_AfterEvent_Updated_Py_Updated\Eejo\Lib\ModbusLib.py", line 104, in ReadModbusData
    ModbusLibcls.regval = ModbusLibcls.instrument.read_registers(0, 7)
                          ^^^^^^^^^^^^^^^^^^^^^^^^^^^^^^^^^^^^^^
AttributeError: 'NoneType' object has no attribute 'read_registers'

2026-01-14 09:18:50 ERROR ReadModbusData(119) ReadModbusData: 'NoneType' object has no attribute 'read_registers'
Traceback (most recent call last):
  File "C:\Users\vchikkay\Desktop\Eejo\Eejo_Shivamogga _V2_AfterEvent_Updated_Py_Updated\Eejo\Lib\ModbusLib.py", line 104, in ReadModbusData
    ModbusLibcls.regval = ModbusLibcls.instrument.read_registers(0, 7)
                          ^^^^^^^^^^^^^^^^^^^^^^^^^^^^^^^^^^^^^^
AttributeError: 'NoneType' object has no attribute 'read_registers'

2026-01-14 09:18:50 ERROR ReadModbusData(119) ReadModbusData: 'NoneType' object has no attribute 'read_registers'
Traceback (most recent call last):
  File "C:\Users\vchikkay\Desktop\Eejo\Eejo_Shivamogga _V2_AfterEvent_Updated_Py_Updated\Eejo\Lib\ModbusLib.py", line 104, in ReadModbusData
    ModbusLibcls.regval = ModbusLibcls.instrument.read_registers(0, 7)
                          ^^^^^^^^^^^^^^^^^^^^^^^^^^^^^^^^^^^^^^
AttributeError: 'NoneType' object has no attribute 'read_registers'

2026-01-14 09:18:50 ERROR ReadModbusData(119) ReadModbusData: 'NoneType' object has no attribute 'read_registers'
Traceback (most recent call last):
  File "C:\Users\vchikkay\Desktop\Eejo\Eejo_Shivamogga _V2_AfterEvent_Updated_Py_Updated\Eejo\Lib\ModbusLib.py", line 104, in ReadModbusData
    ModbusLibcls.regval = ModbusLibcls.instrument.read_registers(0, 7)
                          ^^^^^^^^^^^^^^^^^^^^^^^^^^^^^^^^^^^^^^
AttributeError: 'NoneType' object has no attribute 'read_registers'

2026-01-14 09:18:50 ERROR ReadModbusData(119) ReadModbusData: 'NoneType' object has no attribute 'read_registers'
Traceback (most recent call last):
  File "C:\Users\vchikkay\Desktop\Eejo\Eejo_Shivamogga _V2_AfterEvent_Updated_Py_Updated\Eejo\Lib\ModbusLib.py", line 104, in ReadModbusData
    ModbusLibcls.regval = ModbusLibcls.instrument.read_registers(0, 7)
                          ^^^^^^^^^^^^^^^^^^^^^^^^^^^^^^^^^^^^^^
AttributeError: 'NoneType' object has no attribute 'read_registers'

2026-01-14 09:18:50 ERROR ReadModbusData(119) ReadModbusData: 'NoneType' object has no attribute 'read_registers'
Traceback (most recent call last):
  File "C:\Users\vchikkay\Desktop\Eejo\Eejo_Shivamogga _V2_AfterEvent_Updated_Py_Updated\Eejo\Lib\ModbusLib.py", line 104, in ReadModbusData
    ModbusLibcls.regval = ModbusLibcls.instrument.read_registers(0, 7)
                          ^^^^^^^^^^^^^^^^^^^^^^^^^^^^^^^^^^^^^^
AttributeError: 'NoneType' object has no attribute 'read_registers'

2026-01-14 09:18:50 ERROR ReadModbusData(119) ReadModbusData: 'NoneType' object has no attribute 'read_registers'
Traceback (most recent call last):
  File "C:\Users\vchikkay\Desktop\Eejo\Eejo_Shivamogga _V2_AfterEvent_Updated_Py_Updated\Eejo\Lib\ModbusLib.py", line 104, in ReadModbusData
    ModbusLibcls.regval = ModbusLibcls.instrument.read_registers(0, 7)
                          ^^^^^^^^^^^^^^^^^^^^^^^^^^^^^^^^^^^^^^
AttributeError: 'NoneType' object has no attribute 'read_registers'

2026-01-14 09:18:50 ERROR ReadModbusData(119) ReadModbusData: 'NoneType' object has no attribute 'read_registers'
Traceback (most recent call last):
  File "C:\Users\vchikkay\Desktop\Eejo\Eejo_Shivamogga _V2_AfterEvent_Updated_Py_Updated\Eejo\Lib\ModbusLib.py", line 104, in ReadModbusData
    ModbusLibcls.regval = ModbusLibcls.instrument.read_registers(0, 7)
                          ^^^^^^^^^^^^^^^^^^^^^^^^^^^^^^^^^^^^^^
AttributeError: 'NoneType' object has no attribute 'read_registers'

2026-01-14 09:18:50 ERROR ReadModbusData(119) ReadModbusData: 'NoneType' object has no attribute 'read_registers'
Traceback (most recent call last):
  File "C:\Users\vchikkay\Desktop\Eejo\Eejo_Shivamogga _V2_AfterEvent_Updated_Py_Updated\Eejo\Lib\ModbusLib.py", line 104, in ReadModbusData
    ModbusLibcls.regval = ModbusLibcls.instrument.read_registers(0, 7)
                          ^^^^^^^^^^^^^^^^^^^^^^^^^^^^^^^^^^^^^^
AttributeError: 'NoneType' object has no attribute 'read_registers'

2026-01-14 09:18:50 ERROR ReadModbusData(119) ReadModbusData: 'NoneType' object has no attribute 'read_registers'
Traceback (most recent call last):
  File "C:\Users\vchikkay\Desktop\Eejo\Eejo_Shivamogga _V2_AfterEvent_Updated_Py_Updated\Eejo\Lib\ModbusLib.py", line 104, in ReadModbusData
    ModbusLibcls.regval = ModbusLibcls.instrument.read_registers(0, 7)
                          ^^^^^^^^^^^^^^^^^^^^^^^^^^^^^^^^^^^^^^
AttributeError: 'NoneType' object has no attribute 'read_registers'

2026-01-14 09:18:50 ERROR ReadModbusData(119) ReadModbusData: 'NoneType' object has no attribute 'read_registers'
Traceback (most recent call last):
  File "C:\Users\vchikkay\Desktop\Eejo\Eejo_Shivamogga _V2_AfterEvent_Updated_Py_Updated\Eejo\Lib\ModbusLib.py", line 104, in ReadModbusData
    ModbusLibcls.regval = ModbusLibcls.instrument.read_registers(0, 7)
                          ^^^^^^^^^^^^^^^^^^^^^^^^^^^^^^^^^^^^^^
AttributeError: 'NoneType' object has no attribute 'read_registers'

2026-01-14 09:18:50 ERROR ReadModbusData(119) ReadModbusData: 'NoneType' object has no attribute 'read_registers'
Traceback (most recent call last):
  File "C:\Users\vchikkay\Desktop\Eejo\Eejo_Shivamogga _V2_AfterEvent_Updated_Py_Updated\Eejo\Lib\ModbusLib.py", line 104, in ReadModbusData
    ModbusLibcls.regval = ModbusLibcls.instrument.read_registers(0, 7)
                          ^^^^^^^^^^^^^^^^^^^^^^^^^^^^^^^^^^^^^^
AttributeError: 'NoneType' object has no attribute 'read_registers'

2026-01-14 09:18:51 ERROR ReadModbusData(119) ReadModbusData: 'NoneType' object has no attribute 'read_registers'
Traceback (most recent call last):
  File "C:\Users\vchikkay\Desktop\Eejo\Eejo_Shivamogga _V2_AfterEvent_Updated_Py_Updated\Eejo\Lib\ModbusLib.py", line 104, in ReadModbusData
    ModbusLibcls.regval = ModbusLibcls.instrument.read_registers(0, 7)
                          ^^^^^^^^^^^^^^^^^^^^^^^^^^^^^^^^^^^^^^
AttributeError: 'NoneType' object has no attribute 'read_registers'

2026-01-14 09:18:51 ERROR ReadModbusData(119) ReadModbusData: 'NoneType' object has no attribute 'read_registers'
Traceback (most recent call last):
  File "C:\Users\vchikkay\Desktop\Eejo\Eejo_Shivamogga _V2_AfterEvent_Updated_Py_Updated\Eejo\Lib\ModbusLib.py", line 104, in ReadModbusData
    ModbusLibcls.regval = ModbusLibcls.instrument.read_registers(0, 7)
                          ^^^^^^^^^^^^^^^^^^^^^^^^^^^^^^^^^^^^^^
AttributeError: 'NoneType' object has no attribute 'read_registers'

2026-01-14 09:18:51 ERROR ReadModbusData(119) ReadModbusData: 'NoneType' object has no attribute 'read_registers'
Traceback (most recent call last):
  File "C:\Users\vchikkay\Desktop\Eejo\Eejo_Shivamogga _V2_AfterEvent_Updated_Py_Updated\Eejo\Lib\ModbusLib.py", line 104, in ReadModbusData
    ModbusLibcls.regval = ModbusLibcls.instrument.read_registers(0, 7)
                          ^^^^^^^^^^^^^^^^^^^^^^^^^^^^^^^^^^^^^^
AttributeError: 'NoneType' object has no attribute 'read_registers'

2026-01-14 09:18:51 ERROR ReadModbusData(119) ReadModbusData: 'NoneType' object has no attribute 'read_registers'
Traceback (most recent call last):
  File "C:\Users\vchikkay\Desktop\Eejo\Eejo_Shivamogga _V2_AfterEvent_Updated_Py_Updated\Eejo\Lib\ModbusLib.py", line 104, in ReadModbusData
    ModbusLibcls.regval = ModbusLibcls.instrument.read_registers(0, 7)
                          ^^^^^^^^^^^^^^^^^^^^^^^^^^^^^^^^^^^^^^
AttributeError: 'NoneType' object has no attribute 'read_registers'

2026-01-14 09:18:51 ERROR ReadModbusData(119) ReadModbusData: 'NoneType' object has no attribute 'read_registers'
Traceback (most recent call last):
  File "C:\Users\vchikkay\Desktop\Eejo\Eejo_Shivamogga _V2_AfterEvent_Updated_Py_Updated\Eejo\Lib\ModbusLib.py", line 104, in ReadModbusData
    ModbusLibcls.regval = ModbusLibcls.instrument.read_registers(0, 7)
                          ^^^^^^^^^^^^^^^^^^^^^^^^^^^^^^^^^^^^^^
AttributeError: 'NoneType' object has no attribute 'read_registers'

2026-01-14 09:18:51 ERROR ReadModbusData(119) ReadModbusData: 'NoneType' object has no attribute 'read_registers'
Traceback (most recent call last):
  File "C:\Users\vchikkay\Desktop\Eejo\Eejo_Shivamogga _V2_AfterEvent_Updated_Py_Updated\Eejo\Lib\ModbusLib.py", line 104, in ReadModbusData
    ModbusLibcls.regval = ModbusLibcls.instrument.read_registers(0, 7)
                          ^^^^^^^^^^^^^^^^^^^^^^^^^^^^^^^^^^^^^^
AttributeError: 'NoneType' object has no attribute 'read_registers'

2026-01-14 09:18:51 ERROR ReadModbusData(119) ReadModbusData: 'NoneType' object has no attribute 'read_registers'
Traceback (most recent call last):
  File "C:\Users\vchikkay\Desktop\Eejo\Eejo_Shivamogga _V2_AfterEvent_Updated_Py_Updated\Eejo\Lib\ModbusLib.py", line 104, in ReadModbusData
    ModbusLibcls.regval = ModbusLibcls.instrument.read_registers(0, 7)
                          ^^^^^^^^^^^^^^^^^^^^^^^^^^^^^^^^^^^^^^
AttributeError: 'NoneType' object has no attribute 'read_registers'

2026-01-14 09:18:51 ERROR ReadModbusData(119) ReadModbusData: 'NoneType' object has no attribute 'read_registers'
Traceback (most recent call last):
  File "C:\Users\vchikkay\Desktop\Eejo\Eejo_Shivamogga _V2_AfterEvent_Updated_Py_Updated\Eejo\Lib\ModbusLib.py", line 104, in ReadModbusData
    ModbusLibcls.regval = ModbusLibcls.instrument.read_registers(0, 7)
                          ^^^^^^^^^^^^^^^^^^^^^^^^^^^^^^^^^^^^^^
AttributeError: 'NoneType' object has no attribute 'read_registers'

2026-01-14 09:18:59 ERROR ReadModbusData(119) ReadModbusData: 'NoneType' object has no attribute 'read_registers'
Traceback (most recent call last):
  File "C:\Users\vchikkay\Desktop\Eejo\Eejo_Shivamogga _V2_AfterEvent_Updated_Py_Updated\Eejo\Lib\ModbusLib.py", line 104, in ReadModbusData
    ModbusLibcls.regval = ModbusLibcls.instrument.read_registers(0, 7)
                          ^^^^^^^^^^^^^^^^^^^^^^^^^^^^^^^^^^^^^^
AttributeError: 'NoneType' object has no attribute 'read_registers'

2026-01-14 09:18:59 INFO control_loop(213) control_loop: Waiting to start next heat
2026-01-14 09:18:59 INFO control_loop(225) control_loop: Loaded Heat 100_IM_G01_B_2
2026-01-14 09:18:59 INFO prepare_heat(126) Board 0 mapped to MODSwitchBits index 6
2026-01-14 09:18:59 INFO prepare_heat(126) Board 1 mapped to MODSwitchBits index 7
2026-01-14 09:18:59 INFO prepare_heat(126) Board 2 mapped to MODSwitchBits index 3
2026-01-14 09:19:03 INFO prepare_heat(126) Board 3 mapped to MODSwitchBits index 22
2026-01-14 09:19:03 INFO prepare_heat(126) Board 4 mapped to MODSwitchBits index -1
2026-01-14 09:19:03 INFO prepare_heat(126) Board 5 mapped to MODSwitchBits index -1
2026-01-14 09:19:03 ERROR ReadModbusData(119) ReadModbusData: 'NoneType' object has no attribute 'read_registers'
Traceback (most recent call last):
  File "C:\Users\vchikkay\Desktop\Eejo\Eejo_Shivamogga _V2_AfterEvent_Updated_Py_Updated\Eejo\Lib\ModbusLib.py", line 104, in ReadModbusData
    ModbusLibcls.regval = ModbusLibcls.instrument.read_registers(0, 7)
                          ^^^^^^^^^^^^^^^^^^^^^^^^^^^^^^^^^^^^^^
AttributeError: 'NoneType' object has no attribute 'read_registers'

2026-01-14 09:19:03 ERROR ReadModbusData(119) ReadModbusData: 'NoneType' object has no attribute 'read_registers'
Traceback (most recent call last):
  File "C:\Users\vchikkay\Desktop\Eejo\Eejo_Shivamogga _V2_AfterEvent_Updated_Py_Updated\Eejo\Lib\ModbusLib.py", line 104, in ReadModbusData
    ModbusLibcls.regval = ModbusLibcls.instrument.read_registers(0, 7)
                          ^^^^^^^^^^^^^^^^^^^^^^^^^^^^^^^^^^^^^^
AttributeError: 'NoneType' object has no attribute 'read_registers'

2026-01-14 09:19:03 ERROR ReadModbusData(119) ReadModbusData: 'NoneType' object has no attribute 'read_registers'
Traceback (most recent call last):
  File "C:\Users\vchikkay\Desktop\Eejo\Eejo_Shivamogga _V2_AfterEvent_Updated_Py_Updated\Eejo\Lib\ModbusLib.py", line 104, in ReadModbusData
    ModbusLibcls.regval = ModbusLibcls.instrument.read_registers(0, 7)
                          ^^^^^^^^^^^^^^^^^^^^^^^^^^^^^^^^^^^^^^
AttributeError: 'NoneType' object has no attribute 'read_registers'

2026-01-14 09:19:07 ERROR ReadModbusData(119) ReadModbusData: 'NoneType' object has no attribute 'read_registers'
Traceback (most recent call last):
  File "C:\Users\vchikkay\Desktop\Eejo\Eejo_Shivamogga _V2_AfterEvent_Updated_Py_Updated\Eejo\Lib\ModbusLib.py", line 104, in ReadModbusData
    ModbusLibcls.regval = ModbusLibcls.instrument.read_registers(0, 7)
                          ^^^^^^^^^^^^^^^^^^^^^^^^^^^^^^^^^^^^^^
AttributeError: 'NoneType' object has no attribute 'read_registers'

2026-01-14 09:19:07 ERROR ReadModbusData(119) ReadModbusData: 'NoneType' object has no attribute 'read_registers'
Traceback (most recent call last):
  File "C:\Users\vchikkay\Desktop\Eejo\Eejo_Shivamogga _V2_AfterEvent_Updated_Py_Updated\Eejo\Lib\ModbusLib.py", line 104, in ReadModbusData
    ModbusLibcls.regval = ModbusLibcls.instrument.read_registers(0, 7)
                          ^^^^^^^^^^^^^^^^^^^^^^^^^^^^^^^^^^^^^^
AttributeError: 'NoneType' object has no attribute 'read_registers'

2026-01-14 09:19:07 ERROR ReadModbusData(119) ReadModbusData: 'NoneType' object has no attribute 'read_registers'
Traceback (most recent call last):
  File "C:\Users\vchikkay\Desktop\Eejo\Eejo_Shivamogga _V2_AfterEvent_Updated_Py_Updated\Eejo\Lib\ModbusLib.py", line 104, in ReadModbusData
    ModbusLibcls.regval = ModbusLibcls.instrument.read_registers(0, 7)
                          ^^^^^^^^^^^^^^^^^^^^^^^^^^^^^^^^^^^^^^
AttributeError: 'NoneType' object has no attribute 'read_registers'

2026-01-14 09:19:07 ERROR ReadModbusData(119) ReadModbusData: 'NoneType' object has no attribute 'read_registers'
Traceback (most recent call last):
  File "C:\Users\vchikkay\Desktop\Eejo\Eejo_Shivamogga _V2_AfterEvent_Updated_Py_Updated\Eejo\Lib\ModbusLib.py", line 104, in ReadModbusData
    ModbusLibcls.regval = ModbusLibcls.instrument.read_registers(0, 7)
                          ^^^^^^^^^^^^^^^^^^^^^^^^^^^^^^^^^^^^^^
AttributeError: 'NoneType' object has no attribute 'read_registers'

2026-01-14 09:19:07 ERROR ReadModbusData(119) ReadModbusData: 'NoneType' object has no attribute 'read_registers'
Traceback (most recent call last):
  File "C:\Users\vchikkay\Desktop\Eejo\Eejo_Shivamogga _V2_AfterEvent_Updated_Py_Updated\Eejo\Lib\ModbusLib.py", line 104, in ReadModbusData
    ModbusLibcls.regval = ModbusLibcls.instrument.read_registers(0, 7)
                          ^^^^^^^^^^^^^^^^^^^^^^^^^^^^^^^^^^^^^^
AttributeError: 'NoneType' object has no attribute 'read_registers'

2026-01-14 09:19:07 ERROR ReadModbusData(119) ReadModbusData: 'NoneType' object has no attribute 'read_registers'
Traceback (most recent call last):
  File "C:\Users\vchikkay\Desktop\Eejo\Eejo_Shivamogga _V2_AfterEvent_Updated_Py_Updated\Eejo\Lib\ModbusLib.py", line 104, in ReadModbusData
    ModbusLibcls.regval = ModbusLibcls.instrument.read_registers(0, 7)
                          ^^^^^^^^^^^^^^^^^^^^^^^^^^^^^^^^^^^^^^
AttributeError: 'NoneType' object has no attribute 'read_registers'

2026-01-14 09:19:07 ERROR ReadModbusData(119) ReadModbusData: 'NoneType' object has no attribute 'read_registers'
Traceback (most recent call last):
  File "C:\Users\vchikkay\Desktop\Eejo\Eejo_Shivamogga _V2_AfterEvent_Updated_Py_Updated\Eejo\Lib\ModbusLib.py", line 104, in ReadModbusData
    ModbusLibcls.regval = ModbusLibcls.instrument.read_registers(0, 7)
                          ^^^^^^^^^^^^^^^^^^^^^^^^^^^^^^^^^^^^^^
AttributeError: 'NoneType' object has no attribute 'read_registers'

2026-01-14 09:19:07 ERROR ReadModbusData(119) ReadModbusData: 'NoneType' object has no attribute 'read_registers'
Traceback (most recent call last):
  File "C:\Users\vchikkay\Desktop\Eejo\Eejo_Shivamogga _V2_AfterEvent_Updated_Py_Updated\Eejo\Lib\ModbusLib.py", line 104, in ReadModbusData
    ModbusLibcls.regval = ModbusLibcls.instrument.read_registers(0, 7)
                          ^^^^^^^^^^^^^^^^^^^^^^^^^^^^^^^^^^^^^^
AttributeError: 'NoneType' object has no attribute 'read_registers'

2026-01-14 09:19:07 ERROR ReadModbusData(119) ReadModbusData: 'NoneType' object has no attribute 'read_registers'
Traceback (most recent call last):
  File "C:\Users\vchikkay\Desktop\Eejo\Eejo_Shivamogga _V2_AfterEvent_Updated_Py_Updated\Eejo\Lib\ModbusLib.py", line 104, in ReadModbusData
    ModbusLibcls.regval = ModbusLibcls.instrument.read_registers(0, 7)
                          ^^^^^^^^^^^^^^^^^^^^^^^^^^^^^^^^^^^^^^
AttributeError: 'NoneType' object has no attribute 'read_registers'

2026-01-14 09:19:07 ERROR ReadModbusData(119) ReadModbusData: 'NoneType' object has no attribute 'read_registers'
Traceback (most recent call last):
  File "C:\Users\vchikkay\Desktop\Eejo\Eejo_Shivamogga _V2_AfterEvent_Updated_Py_Updated\Eejo\Lib\ModbusLib.py", line 104, in ReadModbusData
    ModbusLibcls.regval = ModbusLibcls.instrument.read_registers(0, 7)
                          ^^^^^^^^^^^^^^^^^^^^^^^^^^^^^^^^^^^^^^
AttributeError: 'NoneType' object has no attribute 'read_registers'

2026-01-14 09:19:07 ERROR ReadModbusData(119) ReadModbusData: 'NoneType' object has no attribute 'read_registers'
Traceback (most recent call last):
  File "C:\Users\vchikkay\Desktop\Eejo\Eejo_Shivamogga _V2_AfterEvent_Updated_Py_Updated\Eejo\Lib\ModbusLib.py", line 104, in ReadModbusData
    ModbusLibcls.regval = ModbusLibcls.instrument.read_registers(0, 7)
                          ^^^^^^^^^^^^^^^^^^^^^^^^^^^^^^^^^^^^^^
AttributeError: 'NoneType' object has no attribute 'read_registers'

2026-01-14 09:19:07 ERROR ReadModbusData(119) ReadModbusData: 'NoneType' object has no attribute 'read_registers'
Traceback (most recent call last):
  File "C:\Users\vchikkay\Desktop\Eejo\Eejo_Shivamogga _V2_AfterEvent_Updated_Py_Updated\Eejo\Lib\ModbusLib.py", line 104, in ReadModbusData
    ModbusLibcls.regval = ModbusLibcls.instrument.read_registers(0, 7)
                          ^^^^^^^^^^^^^^^^^^^^^^^^^^^^^^^^^^^^^^
AttributeError: 'NoneType' object has no attribute 'read_registers'

2026-01-14 09:19:07 ERROR ReadModbusData(119) ReadModbusData: 'NoneType' object has no attribute 'read_registers'
Traceback (most recent call last):
  File "C:\Users\vchikkay\Desktop\Eejo\Eejo_Shivamogga _V2_AfterEvent_Updated_Py_Updated\Eejo\Lib\ModbusLib.py", line 104, in ReadModbusData
    ModbusLibcls.regval = ModbusLibcls.instrument.read_registers(0, 7)
                          ^^^^^^^^^^^^^^^^^^^^^^^^^^^^^^^^^^^^^^
AttributeError: 'NoneType' object has no attribute 'read_registers'

2026-01-14 09:19:08 ERROR ReadModbusData(119) ReadModbusData: 'NoneType' object has no attribute 'read_registers'
Traceback (most recent call last):
  File "C:\Users\vchikkay\Desktop\Eejo\Eejo_Shivamogga _V2_AfterEvent_Updated_Py_Updated\Eejo\Lib\ModbusLib.py", line 104, in ReadModbusData
    ModbusLibcls.regval = ModbusLibcls.instrument.read_registers(0, 7)
                          ^^^^^^^^^^^^^^^^^^^^^^^^^^^^^^^^^^^^^^
AttributeError: 'NoneType' object has no attribute 'read_registers'

2026-01-14 09:19:08 ERROR ReadModbusData(119) ReadModbusData: 'NoneType' object has no attribute 'read_registers'
Traceback (most recent call last):
  File "C:\Users\vchikkay\Desktop\Eejo\Eejo_Shivamogga _V2_AfterEvent_Updated_Py_Updated\Eejo\Lib\ModbusLib.py", line 104, in ReadModbusData
    ModbusLibcls.regval = ModbusLibcls.instrument.read_registers(0, 7)
                          ^^^^^^^^^^^^^^^^^^^^^^^^^^^^^^^^^^^^^^
AttributeError: 'NoneType' object has no attribute 'read_registers'

2026-01-14 09:19:08 ERROR ReadModbusData(119) ReadModbusData: 'NoneType' object has no attribute 'read_registers'
Traceback (most recent call last):
  File "C:\Users\vchikkay\Desktop\Eejo\Eejo_Shivamogga _V2_AfterEvent_Updated_Py_Updated\Eejo\Lib\ModbusLib.py", line 104, in ReadModbusData
    ModbusLibcls.regval = ModbusLibcls.instrument.read_registers(0, 7)
                          ^^^^^^^^^^^^^^^^^^^^^^^^^^^^^^^^^^^^^^
AttributeError: 'NoneType' object has no attribute 'read_registers'

2026-01-14 09:19:08 ERROR ReadModbusData(119) ReadModbusData: 'NoneType' object has no attribute 'read_registers'
Traceback (most recent call last):
  File "C:\Users\vchikkay\Desktop\Eejo\Eejo_Shivamogga _V2_AfterEvent_Updated_Py_Updated\Eejo\Lib\ModbusLib.py", line 104, in ReadModbusData
    ModbusLibcls.regval = ModbusLibcls.instrument.read_registers(0, 7)
                          ^^^^^^^^^^^^^^^^^^^^^^^^^^^^^^^^^^^^^^
AttributeError: 'NoneType' object has no attribute 'read_registers'

2026-01-14 09:19:08 ERROR ReadModbusData(119) ReadModbusData: 'NoneType' object has no attribute 'read_registers'
Traceback (most recent call last):
  File "C:\Users\vchikkay\Desktop\Eejo\Eejo_Shivamogga _V2_AfterEvent_Updated_Py_Updated\Eejo\Lib\ModbusLib.py", line 104, in ReadModbusData
    ModbusLibcls.regval = ModbusLibcls.instrument.read_registers(0, 7)
                          ^^^^^^^^^^^^^^^^^^^^^^^^^^^^^^^^^^^^^^
AttributeError: 'NoneType' object has no attribute 'read_registers'

2026-01-14 09:19:08 ERROR ReadModbusData(119) ReadModbusData: 'NoneType' object has no attribute 'read_registers'
Traceback (most recent call last):
  File "C:\Users\vchikkay\Desktop\Eejo\Eejo_Shivamogga _V2_AfterEvent_Updated_Py_Updated\Eejo\Lib\ModbusLib.py", line 104, in ReadModbusData
    ModbusLibcls.regval = ModbusLibcls.instrument.read_registers(0, 7)
                          ^^^^^^^^^^^^^^^^^^^^^^^^^^^^^^^^^^^^^^
AttributeError: 'NoneType' object has no attribute 'read_registers'

2026-01-14 09:19:08 ERROR ReadModbusData(119) ReadModbusData: 'NoneType' object has no attribute 'read_registers'
Traceback (most recent call last):
  File "C:\Users\vchikkay\Desktop\Eejo\Eejo_Shivamogga _V2_AfterEvent_Updated_Py_Updated\Eejo\Lib\ModbusLib.py", line 104, in ReadModbusData
    ModbusLibcls.regval = ModbusLibcls.instrument.read_registers(0, 7)
                          ^^^^^^^^^^^^^^^^^^^^^^^^^^^^^^^^^^^^^^
AttributeError: 'NoneType' object has no attribute 'read_registers'

2026-01-14 09:19:08 ERROR ReadModbusData(119) ReadModbusData: 'NoneType' object has no attribute 'read_registers'
Traceback (most recent call last):
  File "C:\Users\vchikkay\Desktop\Eejo\Eejo_Shivamogga _V2_AfterEvent_Updated_Py_Updated\Eejo\Lib\ModbusLib.py", line 104, in ReadModbusData
    ModbusLibcls.regval = ModbusLibcls.instrument.read_registers(0, 7)
                          ^^^^^^^^^^^^^^^^^^^^^^^^^^^^^^^^^^^^^^
AttributeError: 'NoneType' object has no attribute 'read_registers'

2026-01-14 09:19:08 ERROR ReadModbusData(119) ReadModbusData: 'NoneType' object has no attribute 'read_registers'
Traceback (most recent call last):
  File "C:\Users\vchikkay\Desktop\Eejo\Eejo_Shivamogga _V2_AfterEvent_Updated_Py_Updated\Eejo\Lib\ModbusLib.py", line 104, in ReadModbusData
    ModbusLibcls.regval = ModbusLibcls.instrument.read_registers(0, 7)
                          ^^^^^^^^^^^^^^^^^^^^^^^^^^^^^^^^^^^^^^
AttributeError: 'NoneType' object has no attribute 'read_registers'

2026-01-14 09:19:08 ERROR ReadModbusData(119) ReadModbusData: 'NoneType' object has no attribute 'read_registers'
Traceback (most recent call last):
  File "C:\Users\vchikkay\Desktop\Eejo\Eejo_Shivamogga _V2_AfterEvent_Updated_Py_Updated\Eejo\Lib\ModbusLib.py", line 104, in ReadModbusData
    ModbusLibcls.regval = ModbusLibcls.instrument.read_registers(0, 7)
                          ^^^^^^^^^^^^^^^^^^^^^^^^^^^^^^^^^^^^^^
AttributeError: 'NoneType' object has no attribute 'read_registers'

2026-01-14 09:19:08 ERROR ReadModbusData(119) ReadModbusData: 'NoneType' object has no attribute 'read_registers'
Traceback (most recent call last):
  File "C:\Users\vchikkay\Desktop\Eejo\Eejo_Shivamogga _V2_AfterEvent_Updated_Py_Updated\Eejo\Lib\ModbusLib.py", line 104, in ReadModbusData
    ModbusLibcls.regval = ModbusLibcls.instrument.read_registers(0, 7)
                          ^^^^^^^^^^^^^^^^^^^^^^^^^^^^^^^^^^^^^^
AttributeError: 'NoneType' object has no attribute 'read_registers'

2026-01-14 09:19:08 ERROR ReadModbusData(119) ReadModbusData: 'NoneType' object has no attribute 'read_registers'
Traceback (most recent call last):
  File "C:\Users\vchikkay\Desktop\Eejo\Eejo_Shivamogga _V2_AfterEvent_Updated_Py_Updated\Eejo\Lib\ModbusLib.py", line 104, in ReadModbusData
    ModbusLibcls.regval = ModbusLibcls.instrument.read_registers(0, 7)
                          ^^^^^^^^^^^^^^^^^^^^^^^^^^^^^^^^^^^^^^
AttributeError: 'NoneType' object has no attribute 'read_registers'

2026-01-14 09:19:08 ERROR ReadModbusData(119) ReadModbusData: 'NoneType' object has no attribute 'read_registers'
Traceback (most recent call last):
  File "C:\Users\vchikkay\Desktop\Eejo\Eejo_Shivamogga _V2_AfterEvent_Updated_Py_Updated\Eejo\Lib\ModbusLib.py", line 104, in ReadModbusData
    ModbusLibcls.regval = ModbusLibcls.instrument.read_registers(0, 7)
                          ^^^^^^^^^^^^^^^^^^^^^^^^^^^^^^^^^^^^^^
AttributeError: 'NoneType' object has no attribute 'read_registers'

2026-01-14 09:19:08 INFO _patch(75) PATCH https://eejo-managerdb-default-rtdb.firebaseio.com/Meets/Millennium World School Hassan Dec 2025/EventDetails/100_IM_G01_B/HeatList/100_IM_G01_B_1.json [200] Single heat update
2026-01-14 09:19:08 ERROR ReadModbusData(119) ReadModbusData: 'NoneType' object has no attribute 'read_registers'
Traceback (most recent call last):
  File "C:\Users\vchikkay\Desktop\Eejo\Eejo_Shivamogga _V2_AfterEvent_Updated_Py_Updated\Eejo\Lib\ModbusLib.py", line 104, in ReadModbusData
    ModbusLibcls.regval = ModbusLibcls.instrument.read_registers(0, 7)
                          ^^^^^^^^^^^^^^^^^^^^^^^^^^^^^^^^^^^^^^
AttributeError: 'NoneType' object has no attribute 'read_registers'

2026-01-14 09:19:08 ERROR ReadModbusData(119) ReadModbusData: 'NoneType' object has no attribute 'read_registers'
Traceback (most recent call last):
  File "C:\Users\vchikkay\Desktop\Eejo\Eejo_Shivamogga _V2_AfterEvent_Updated_Py_Updated\Eejo\Lib\ModbusLib.py", line 104, in ReadModbusData
    ModbusLibcls.regval = ModbusLibcls.instrument.read_registers(0, 7)
                          ^^^^^^^^^^^^^^^^^^^^^^^^^^^^^^^^^^^^^^
AttributeError: 'NoneType' object has no attribute 'read_registers'

2026-01-14 09:19:08 ERROR ReadModbusData(119) ReadModbusData: 'NoneType' object has no attribute 'read_registers'
Traceback (most recent call last):
  File "C:\Users\vchikkay\Desktop\Eejo\Eejo_Shivamogga _V2_AfterEvent_Updated_Py_Updated\Eejo\Lib\ModbusLib.py", line 104, in ReadModbusData
    ModbusLibcls.regval = ModbusLibcls.instrument.read_registers(0, 7)
                          ^^^^^^^^^^^^^^^^^^^^^^^^^^^^^^^^^^^^^^
AttributeError: 'NoneType' object has no attribute 'read_registers'

2026-01-14 09:19:09 ERROR ReadModbusData(119) ReadModbusData: 'NoneType' object has no attribute 'read_registers'
Traceback (most recent call last):
  File "C:\Users\vchikkay\Desktop\Eejo\Eejo_Shivamogga _V2_AfterEvent_Updated_Py_Updated\Eejo\Lib\ModbusLib.py", line 104, in ReadModbusData
    ModbusLibcls.regval = ModbusLibcls.instrument.read_registers(0, 7)
                          ^^^^^^^^^^^^^^^^^^^^^^^^^^^^^^^^^^^^^^
AttributeError: 'NoneType' object has no attribute 'read_registers'

2026-01-14 09:19:09 ERROR ReadModbusData(119) ReadModbusData: 'NoneType' object has no attribute 'read_registers'
Traceback (most recent call last):
  File "C:\Users\vchikkay\Desktop\Eejo\Eejo_Shivamogga _V2_AfterEvent_Updated_Py_Updated\Eejo\Lib\ModbusLib.py", line 104, in ReadModbusData
    ModbusLibcls.regval = ModbusLibcls.instrument.read_registers(0, 7)
                          ^^^^^^^^^^^^^^^^^^^^^^^^^^^^^^^^^^^^^^
AttributeError: 'NoneType' object has no attribute 'read_registers'

2026-01-14 09:19:09 ERROR ReadModbusData(119) ReadModbusData: 'NoneType' object has no attribute 'read_registers'
Traceback (most recent call last):
  File "C:\Users\vchikkay\Desktop\Eejo\Eejo_Shivamogga _V2_AfterEvent_Updated_Py_Updated\Eejo\Lib\ModbusLib.py", line 104, in ReadModbusData
    ModbusLibcls.regval = ModbusLibcls.instrument.read_registers(0, 7)
                          ^^^^^^^^^^^^^^^^^^^^^^^^^^^^^^^^^^^^^^
AttributeError: 'NoneType' object has no attribute 'read_registers'

2026-01-14 09:19:09 ERROR ReadModbusData(119) ReadModbusData: 'NoneType' object has no attribute 'read_registers'
Traceback (most recent call last):
  File "C:\Users\vchikkay\Desktop\Eejo\Eejo_Shivamogga _V2_AfterEvent_Updated_Py_Updated\Eejo\Lib\ModbusLib.py", line 104, in ReadModbusData
    ModbusLibcls.regval = ModbusLibcls.instrument.read_registers(0, 7)
                          ^^^^^^^^^^^^^^^^^^^^^^^^^^^^^^^^^^^^^^
AttributeError: 'NoneType' object has no attribute 'read_registers'

2026-01-14 09:19:09 ERROR ReadModbusData(119) ReadModbusData: 'NoneType' object has no attribute 'read_registers'
Traceback (most recent call last):
  File "C:\Users\vchikkay\Desktop\Eejo\Eejo_Shivamogga _V2_AfterEvent_Updated_Py_Updated\Eejo\Lib\ModbusLib.py", line 104, in ReadModbusData
    ModbusLibcls.regval = ModbusLibcls.instrument.read_registers(0, 7)
                          ^^^^^^^^^^^^^^^^^^^^^^^^^^^^^^^^^^^^^^
AttributeError: 'NoneType' object has no attribute 'read_registers'

2026-01-14 09:19:09 ERROR ReadModbusData(119) ReadModbusData: 'NoneType' object has no attribute 'read_registers'
Traceback (most recent call last):
  File "C:\Users\vchikkay\Desktop\Eejo\Eejo_Shivamogga _V2_AfterEvent_Updated_Py_Updated\Eejo\Lib\ModbusLib.py", line 104, in ReadModbusData
    ModbusLibcls.regval = ModbusLibcls.instrument.read_registers(0, 7)
                          ^^^^^^^^^^^^^^^^^^^^^^^^^^^^^^^^^^^^^^
AttributeError: 'NoneType' object has no attribute 'read_registers'

2026-01-14 09:19:09 ERROR ReadModbusData(119) ReadModbusData: 'NoneType' object has no attribute 'read_registers'
Traceback (most recent call last):
  File "C:\Users\vchikkay\Desktop\Eejo\Eejo_Shivamogga _V2_AfterEvent_Updated_Py_Updated\Eejo\Lib\ModbusLib.py", line 104, in ReadModbusData
    ModbusLibcls.regval = ModbusLibcls.instrument.read_registers(0, 7)
                          ^^^^^^^^^^^^^^^^^^^^^^^^^^^^^^^^^^^^^^
AttributeError: 'NoneType' object has no attribute 'read_registers'

2026-01-14 09:19:09 ERROR ReadModbusData(119) ReadModbusData: 'NoneType' object has no attribute 'read_registers'
Traceback (most recent call last):
  File "C:\Users\vchikkay\Desktop\Eejo\Eejo_Shivamogga _V2_AfterEvent_Updated_Py_Updated\Eejo\Lib\ModbusLib.py", line 104, in ReadModbusData
    ModbusLibcls.regval = ModbusLibcls.instrument.read_registers(0, 7)
                          ^^^^^^^^^^^^^^^^^^^^^^^^^^^^^^^^^^^^^^
AttributeError: 'NoneType' object has no attribute 'read_registers'

2026-01-14 09:19:09 ERROR ReadModbusData(119) ReadModbusData: 'NoneType' object has no attribute 'read_registers'
Traceback (most recent call last):
  File "C:\Users\vchikkay\Desktop\Eejo\Eejo_Shivamogga _V2_AfterEvent_Updated_Py_Updated\Eejo\Lib\ModbusLib.py", line 104, in ReadModbusData
    ModbusLibcls.regval = ModbusLibcls.instrument.read_registers(0, 7)
                          ^^^^^^^^^^^^^^^^^^^^^^^^^^^^^^^^^^^^^^
AttributeError: 'NoneType' object has no attribute 'read_registers'

2026-01-14 09:19:09 ERROR ReadModbusData(119) ReadModbusData: 'NoneType' object has no attribute 'read_registers'
Traceback (most recent call last):
  File "C:\Users\vchikkay\Desktop\Eejo\Eejo_Shivamogga _V2_AfterEvent_Updated_Py_Updated\Eejo\Lib\ModbusLib.py", line 104, in ReadModbusData
    ModbusLibcls.regval = ModbusLibcls.instrument.read_registers(0, 7)
                          ^^^^^^^^^^^^^^^^^^^^^^^^^^^^^^^^^^^^^^
AttributeError: 'NoneType' object has no attribute 'read_registers'

2026-01-14 09:19:09 ERROR ReadModbusData(119) ReadModbusData: 'NoneType' object has no attribute 'read_registers'
Traceback (most recent call last):
  File "C:\Users\vchikkay\Desktop\Eejo\Eejo_Shivamogga _V2_AfterEvent_Updated_Py_Updated\Eejo\Lib\ModbusLib.py", line 104, in ReadModbusData
    ModbusLibcls.regval = ModbusLibcls.instrument.read_registers(0, 7)
                          ^^^^^^^^^^^^^^^^^^^^^^^^^^^^^^^^^^^^^^
AttributeError: 'NoneType' object has no attribute 'read_registers'

2026-01-14 09:19:09 ERROR ReadModbusData(119) ReadModbusData: 'NoneType' object has no attribute 'read_registers'
Traceback (most recent call last):
  File "C:\Users\vchikkay\Desktop\Eejo\Eejo_Shivamogga _V2_AfterEvent_Updated_Py_Updated\Eejo\Lib\ModbusLib.py", line 104, in ReadModbusData
    ModbusLibcls.regval = ModbusLibcls.instrument.read_registers(0, 7)
                          ^^^^^^^^^^^^^^^^^^^^^^^^^^^^^^^^^^^^^^
AttributeError: 'NoneType' object has no attribute 'read_registers'

2026-01-14 09:19:09 ERROR ReadModbusData(119) ReadModbusData: 'NoneType' object has no attribute 'read_registers'
Traceback (most recent call last):
  File "C:\Users\vchikkay\Desktop\Eejo\Eejo_Shivamogga _V2_AfterEvent_Updated_Py_Updated\Eejo\Lib\ModbusLib.py", line 104, in ReadModbusData
    ModbusLibcls.regval = ModbusLibcls.instrument.read_registers(0, 7)
                          ^^^^^^^^^^^^^^^^^^^^^^^^^^^^^^^^^^^^^^
AttributeError: 'NoneType' object has no attribute 'read_registers'

2026-01-14 09:19:09 ERROR ReadModbusData(119) ReadModbusData: 'NoneType' object has no attribute 'read_registers'
Traceback (most recent call last):
  File "C:\Users\vchikkay\Desktop\Eejo\Eejo_Shivamogga _V2_AfterEvent_Updated_Py_Updated\Eejo\Lib\ModbusLib.py", line 104, in ReadModbusData
    ModbusLibcls.regval = ModbusLibcls.instrument.read_registers(0, 7)
                          ^^^^^^^^^^^^^^^^^^^^^^^^^^^^^^^^^^^^^^
AttributeError: 'NoneType' object has no attribute 'read_registers'

2026-01-14 09:19:09 ERROR ReadModbusData(119) ReadModbusData: 'NoneType' object has no attribute 'read_registers'
Traceback (most recent call last):
  File "C:\Users\vchikkay\Desktop\Eejo\Eejo_Shivamogga _V2_AfterEvent_Updated_Py_Updated\Eejo\Lib\ModbusLib.py", line 104, in ReadModbusData
    ModbusLibcls.regval = ModbusLibcls.instrument.read_registers(0, 7)
                          ^^^^^^^^^^^^^^^^^^^^^^^^^^^^^^^^^^^^^^
AttributeError: 'NoneType' object has no attribute 'read_registers'

2026-01-14 09:19:09 ERROR ReadModbusData(119) ReadModbusData: 'NoneType' object has no attribute 'read_registers'
Traceback (most recent call last):
  File "C:\Users\vchikkay\Desktop\Eejo\Eejo_Shivamogga _V2_AfterEvent_Updated_Py_Updated\Eejo\Lib\ModbusLib.py", line 104, in ReadModbusData
    ModbusLibcls.regval = ModbusLibcls.instrument.read_registers(0, 7)
                          ^^^^^^^^^^^^^^^^^^^^^^^^^^^^^^^^^^^^^^
AttributeError: 'NoneType' object has no attribute 'read_registers'

2026-01-14 09:19:10 ERROR ReadModbusData(119) ReadModbusData: 'NoneType' object has no attribute 'read_registers'
Traceback (most recent call last):
  File "C:\Users\vchikkay\Desktop\Eejo\Eejo_Shivamogga _V2_AfterEvent_Updated_Py_Updated\Eejo\Lib\ModbusLib.py", line 104, in ReadModbusData
    ModbusLibcls.regval = ModbusLibcls.instrument.read_registers(0, 7)
                          ^^^^^^^^^^^^^^^^^^^^^^^^^^^^^^^^^^^^^^
AttributeError: 'NoneType' object has no attribute 'read_registers'

2026-01-14 09:19:10 ERROR ReadModbusData(119) ReadModbusData: 'NoneType' object has no attribute 'read_registers'
Traceback (most recent call last):
  File "C:\Users\vchikkay\Desktop\Eejo\Eejo_Shivamogga _V2_AfterEvent_Updated_Py_Updated\Eejo\Lib\ModbusLib.py", line 104, in ReadModbusData
    ModbusLibcls.regval = ModbusLibcls.instrument.read_registers(0, 7)
                          ^^^^^^^^^^^^^^^^^^^^^^^^^^^^^^^^^^^^^^
AttributeError: 'NoneType' object has no attribute 'read_registers'

2026-01-14 09:19:10 ERROR ReadModbusData(119) ReadModbusData: 'NoneType' object has no attribute 'read_registers'
Traceback (most recent call last):
  File "C:\Users\vchikkay\Desktop\Eejo\Eejo_Shivamogga _V2_AfterEvent_Updated_Py_Updated\Eejo\Lib\ModbusLib.py", line 104, in ReadModbusData
    ModbusLibcls.regval = ModbusLibcls.instrument.read_registers(0, 7)
                          ^^^^^^^^^^^^^^^^^^^^^^^^^^^^^^^^^^^^^^
AttributeError: 'NoneType' object has no attribute 'read_registers'

2026-01-14 09:19:10 ERROR ReadModbusData(119) ReadModbusData: 'NoneType' object has no attribute 'read_registers'
Traceback (most recent call last):
  File "C:\Users\vchikkay\Desktop\Eejo\Eejo_Shivamogga _V2_AfterEvent_Updated_Py_Updated\Eejo\Lib\ModbusLib.py", line 104, in ReadModbusData
    ModbusLibcls.regval = ModbusLibcls.instrument.read_registers(0, 7)
                          ^^^^^^^^^^^^^^^^^^^^^^^^^^^^^^^^^^^^^^
AttributeError: 'NoneType' object has no attribute 'read_registers'

2026-01-14 09:19:10 ERROR ReadModbusData(119) ReadModbusData: 'NoneType' object has no attribute 'read_registers'
Traceback (most recent call last):
  File "C:\Users\vchikkay\Desktop\Eejo\Eejo_Shivamogga _V2_AfterEvent_Updated_Py_Updated\Eejo\Lib\ModbusLib.py", line 104, in ReadModbusData
    ModbusLibcls.regval = ModbusLibcls.instrument.read_registers(0, 7)
                          ^^^^^^^^^^^^^^^^^^^^^^^^^^^^^^^^^^^^^^
AttributeError: 'NoneType' object has no attribute 'read_registers'

2026-01-14 09:19:10 ERROR ReadModbusData(119) ReadModbusData: 'NoneType' object has no attribute 'read_registers'
Traceback (most recent call last):
  File "C:\Users\vchikkay\Desktop\Eejo\Eejo_Shivamogga _V2_AfterEvent_Updated_Py_Updated\Eejo\Lib\ModbusLib.py", line 104, in ReadModbusData
    ModbusLibcls.regval = ModbusLibcls.instrument.read_registers(0, 7)
                          ^^^^^^^^^^^^^^^^^^^^^^^^^^^^^^^^^^^^^^
AttributeError: 'NoneType' object has no attribute 'read_registers'

2026-01-14 09:19:10 ERROR ReadModbusData(119) ReadModbusData: 'NoneType' object has no attribute 'read_registers'
Traceback (most recent call last):
  File "C:\Users\vchikkay\Desktop\Eejo\Eejo_Shivamogga _V2_AfterEvent_Updated_Py_Updated\Eejo\Lib\ModbusLib.py", line 104, in ReadModbusData
    ModbusLibcls.regval = ModbusLibcls.instrument.read_registers(0, 7)
                          ^^^^^^^^^^^^^^^^^^^^^^^^^^^^^^^^^^^^^^
AttributeError: 'NoneType' object has no attribute 'read_registers'

2026-01-14 09:19:10 ERROR ReadModbusData(119) ReadModbusData: 'NoneType' object has no attribute 'read_registers'
Traceback (most recent call last):
  File "C:\Users\vchikkay\Desktop\Eejo\Eejo_Shivamogga _V2_AfterEvent_Updated_Py_Updated\Eejo\Lib\ModbusLib.py", line 104, in ReadModbusData
    ModbusLibcls.regval = ModbusLibcls.instrument.read_registers(0, 7)
                          ^^^^^^^^^^^^^^^^^^^^^^^^^^^^^^^^^^^^^^
AttributeError: 'NoneType' object has no attribute 'read_registers'

2026-01-14 09:19:10 ERROR ReadModbusData(119) ReadModbusData: 'NoneType' object has no attribute 'read_registers'
Traceback (most recent call last):
  File "C:\Users\vchikkay\Desktop\Eejo\Eejo_Shivamogga _V2_AfterEvent_Updated_Py_Updated\Eejo\Lib\ModbusLib.py", line 104, in ReadModbusData
    ModbusLibcls.regval = ModbusLibcls.instrument.read_registers(0, 7)
                          ^^^^^^^^^^^^^^^^^^^^^^^^^^^^^^^^^^^^^^
AttributeError: 'NoneType' object has no attribute 'read_registers'

2026-01-14 09:19:10 ERROR ReadModbusData(119) ReadModbusData: 'NoneType' object has no attribute 'read_registers'
Traceback (most recent call last):
  File "C:\Users\vchikkay\Desktop\Eejo\Eejo_Shivamogga _V2_AfterEvent_Updated_Py_Updated\Eejo\Lib\ModbusLib.py", line 104, in ReadModbusData
    ModbusLibcls.regval = ModbusLibcls.instrument.read_registers(0, 7)
                          ^^^^^^^^^^^^^^^^^^^^^^^^^^^^^^^^^^^^^^
AttributeError: 'NoneType' object has no attribute 'read_registers'

2026-01-14 09:19:10 ERROR ReadModbusData(119) ReadModbusData: 'NoneType' object has no attribute 'read_registers'
Traceback (most recent call last):
  File "C:\Users\vchikkay\Desktop\Eejo\Eejo_Shivamogga _V2_AfterEvent_Updated_Py_Updated\Eejo\Lib\ModbusLib.py", line 104, in ReadModbusData
    ModbusLibcls.regval = ModbusLibcls.instrument.read_registers(0, 7)
                          ^^^^^^^^^^^^^^^^^^^^^^^^^^^^^^^^^^^^^^
AttributeError: 'NoneType' object has no attribute 'read_registers'

2026-01-14 09:19:10 ERROR ReadModbusData(119) ReadModbusData: 'NoneType' object has no attribute 'read_registers'
Traceback (most recent call last):
  File "C:\Users\vchikkay\Desktop\Eejo\Eejo_Shivamogga _V2_AfterEvent_Updated_Py_Updated\Eejo\Lib\ModbusLib.py", line 104, in ReadModbusData
    ModbusLibcls.regval = ModbusLibcls.instrument.read_registers(0, 7)
                          ^^^^^^^^^^^^^^^^^^^^^^^^^^^^^^^^^^^^^^
AttributeError: 'NoneType' object has no attribute 'read_registers'

2026-01-14 09:19:10 ERROR ReadModbusData(119) ReadModbusData: 'NoneType' object has no attribute 'read_registers'
Traceback (most recent call last):
  File "C:\Users\vchikkay\Desktop\Eejo\Eejo_Shivamogga _V2_AfterEvent_Updated_Py_Updated\Eejo\Lib\ModbusLib.py", line 104, in ReadModbusData
    ModbusLibcls.regval = ModbusLibcls.instrument.read_registers(0, 7)
                          ^^^^^^^^^^^^^^^^^^^^^^^^^^^^^^^^^^^^^^
AttributeError: 'NoneType' object has no attribute 'read_registers'

2026-01-14 09:19:10 ERROR ReadModbusData(119) ReadModbusData: 'NoneType' object has no attribute 'read_registers'
Traceback (most recent call last):
  File "C:\Users\vchikkay\Desktop\Eejo\Eejo_Shivamogga _V2_AfterEvent_Updated_Py_Updated\Eejo\Lib\ModbusLib.py", line 104, in ReadModbusData
    ModbusLibcls.regval = ModbusLibcls.instrument.read_registers(0, 7)
                          ^^^^^^^^^^^^^^^^^^^^^^^^^^^^^^^^^^^^^^
AttributeError: 'NoneType' object has no attribute 'read_registers'

2026-01-14 09:19:10 ERROR ReadModbusData(119) ReadModbusData: 'NoneType' object has no attribute 'read_registers'
Traceback (most recent call last):
  File "C:\Users\vchikkay\Desktop\Eejo\Eejo_Shivamogga _V2_AfterEvent_Updated_Py_Updated\Eejo\Lib\ModbusLib.py", line 104, in ReadModbusData
    ModbusLibcls.regval = ModbusLibcls.instrument.read_registers(0, 7)
                          ^^^^^^^^^^^^^^^^^^^^^^^^^^^^^^^^^^^^^^
AttributeError: 'NoneType' object has no attribute 'read_registers'

2026-01-14 09:19:10 ERROR ReadModbusData(119) ReadModbusData: 'NoneType' object has no attribute 'read_registers'
Traceback (most recent call last):
  File "C:\Users\vchikkay\Desktop\Eejo\Eejo_Shivamogga _V2_AfterEvent_Updated_Py_Updated\Eejo\Lib\ModbusLib.py", line 104, in ReadModbusData
    ModbusLibcls.regval = ModbusLibcls.instrument.read_registers(0, 7)
                          ^^^^^^^^^^^^^^^^^^^^^^^^^^^^^^^^^^^^^^
AttributeError: 'NoneType' object has no attribute 'read_registers'

2026-01-14 09:19:10 ERROR ReadModbusData(119) ReadModbusData: 'NoneType' object has no attribute 'read_registers'
Traceback (most recent call last):
  File "C:\Users\vchikkay\Desktop\Eejo\Eejo_Shivamogga _V2_AfterEvent_Updated_Py_Updated\Eejo\Lib\ModbusLib.py", line 104, in ReadModbusData
    ModbusLibcls.regval = ModbusLibcls.instrument.read_registers(0, 7)
                          ^^^^^^^^^^^^^^^^^^^^^^^^^^^^^^^^^^^^^^
AttributeError: 'NoneType' object has no attribute 'read_registers'

2026-01-14 09:19:11 ERROR ReadModbusData(119) ReadModbusData: 'NoneType' object has no attribute 'read_registers'
Traceback (most recent call last):
  File "C:\Users\vchikkay\Desktop\Eejo\Eejo_Shivamogga _V2_AfterEvent_Updated_Py_Updated\Eejo\Lib\ModbusLib.py", line 104, in ReadModbusData
    ModbusLibcls.regval = ModbusLibcls.instrument.read_registers(0, 7)
                          ^^^^^^^^^^^^^^^^^^^^^^^^^^^^^^^^^^^^^^
AttributeError: 'NoneType' object has no attribute 'read_registers'

2026-01-14 09:19:11 ERROR ReadModbusData(119) ReadModbusData: 'NoneType' object has no attribute 'read_registers'
Traceback (most recent call last):
  File "C:\Users\vchikkay\Desktop\Eejo\Eejo_Shivamogga _V2_AfterEvent_Updated_Py_Updated\Eejo\Lib\ModbusLib.py", line 104, in ReadModbusData
    ModbusLibcls.regval = ModbusLibcls.instrument.read_registers(0, 7)
                          ^^^^^^^^^^^^^^^^^^^^^^^^^^^^^^^^^^^^^^
AttributeError: 'NoneType' object has no attribute 'read_registers'

2026-01-14 09:19:11 ERROR ReadModbusData(119) ReadModbusData: 'NoneType' object has no attribute 'read_registers'
Traceback (most recent call last):
  File "C:\Users\vchikkay\Desktop\Eejo\Eejo_Shivamogga _V2_AfterEvent_Updated_Py_Updated\Eejo\Lib\ModbusLib.py", line 104, in ReadModbusData
    ModbusLibcls.regval = ModbusLibcls.instrument.read_registers(0, 7)
                          ^^^^^^^^^^^^^^^^^^^^^^^^^^^^^^^^^^^^^^
AttributeError: 'NoneType' object has no attribute 'read_registers'

2026-01-14 09:19:11 ERROR ReadModbusData(119) ReadModbusData: 'NoneType' object has no attribute 'read_registers'
Traceback (most recent call last):
  File "C:\Users\vchikkay\Desktop\Eejo\Eejo_Shivamogga _V2_AfterEvent_Updated_Py_Updated\Eejo\Lib\ModbusLib.py", line 104, in ReadModbusData
    ModbusLibcls.regval = ModbusLibcls.instrument.read_registers(0, 7)
                          ^^^^^^^^^^^^^^^^^^^^^^^^^^^^^^^^^^^^^^
AttributeError: 'NoneType' object has no attribute 'read_registers'

2026-01-14 09:19:11 ERROR ReadModbusData(119) ReadModbusData: 'NoneType' object has no attribute 'read_registers'
Traceback (most recent call last):
  File "C:\Users\vchikkay\Desktop\Eejo\Eejo_Shivamogga _V2_AfterEvent_Updated_Py_Updated\Eejo\Lib\ModbusLib.py", line 104, in ReadModbusData
    ModbusLibcls.regval = ModbusLibcls.instrument.read_registers(0, 7)
                          ^^^^^^^^^^^^^^^^^^^^^^^^^^^^^^^^^^^^^^
AttributeError: 'NoneType' object has no attribute 'read_registers'

2026-01-14 09:19:11 ERROR ReadModbusData(119) ReadModbusData: 'NoneType' object has no attribute 'read_registers'
Traceback (most recent call last):
  File "C:\Users\vchikkay\Desktop\Eejo\Eejo_Shivamogga _V2_AfterEvent_Updated_Py_Updated\Eejo\Lib\ModbusLib.py", line 104, in ReadModbusData
    ModbusLibcls.regval = ModbusLibcls.instrument.read_registers(0, 7)
                          ^^^^^^^^^^^^^^^^^^^^^^^^^^^^^^^^^^^^^^
AttributeError: 'NoneType' object has no attribute 'read_registers'

2026-01-14 09:19:11 ERROR ReadModbusData(119) ReadModbusData: 'NoneType' object has no attribute 'read_registers'
Traceback (most recent call last):
  File "C:\Users\vchikkay\Desktop\Eejo\Eejo_Shivamogga _V2_AfterEvent_Updated_Py_Updated\Eejo\Lib\ModbusLib.py", line 104, in ReadModbusData
    ModbusLibcls.regval = ModbusLibcls.instrument.read_registers(0, 7)
                          ^^^^^^^^^^^^^^^^^^^^^^^^^^^^^^^^^^^^^^
AttributeError: 'NoneType' object has no attribute 'read_registers'

2026-01-14 09:19:11 ERROR ReadModbusData(119) ReadModbusData: 'NoneType' object has no attribute 'read_registers'
Traceback (most recent call last):
  File "C:\Users\vchikkay\Desktop\Eejo\Eejo_Shivamogga _V2_AfterEvent_Updated_Py_Updated\Eejo\Lib\ModbusLib.py", line 104, in ReadModbusData
    ModbusLibcls.regval = ModbusLibcls.instrument.read_registers(0, 7)
                          ^^^^^^^^^^^^^^^^^^^^^^^^^^^^^^^^^^^^^^
AttributeError: 'NoneType' object has no attribute 'read_registers'

2026-01-14 09:19:11 ERROR ReadModbusData(119) ReadModbusData: 'NoneType' object has no attribute 'read_registers'
Traceback (most recent call last):
  File "C:\Users\vchikkay\Desktop\Eejo\Eejo_Shivamogga _V2_AfterEvent_Updated_Py_Updated\Eejo\Lib\ModbusLib.py", line 104, in ReadModbusData
    ModbusLibcls.regval = ModbusLibcls.instrument.read_registers(0, 7)
                          ^^^^^^^^^^^^^^^^^^^^^^^^^^^^^^^^^^^^^^
AttributeError: 'NoneType' object has no attribute 'read_registers'

2026-01-14 09:19:11 ERROR ReadModbusData(119) ReadModbusData: 'NoneType' object has no attribute 'read_registers'
Traceback (most recent call last):
  File "C:\Users\vchikkay\Desktop\Eejo\Eejo_Shivamogga _V2_AfterEvent_Updated_Py_Updated\Eejo\Lib\ModbusLib.py", line 104, in ReadModbusData
    ModbusLibcls.regval = ModbusLibcls.instrument.read_registers(0, 7)
                          ^^^^^^^^^^^^^^^^^^^^^^^^^^^^^^^^^^^^^^
AttributeError: 'NoneType' object has no attribute 'read_registers'

2026-01-14 09:19:11 ERROR ReadModbusData(119) ReadModbusData: 'NoneType' object has no attribute 'read_registers'
Traceback (most recent call last):
  File "C:\Users\vchikkay\Desktop\Eejo\Eejo_Shivamogga _V2_AfterEvent_Updated_Py_Updated\Eejo\Lib\ModbusLib.py", line 104, in ReadModbusData
    ModbusLibcls.regval = ModbusLibcls.instrument.read_registers(0, 7)
                          ^^^^^^^^^^^^^^^^^^^^^^^^^^^^^^^^^^^^^^
AttributeError: 'NoneType' object has no attribute 'read_registers'

2026-01-14 09:19:11 ERROR ReadModbusData(119) ReadModbusData: 'NoneType' object has no attribute 'read_registers'
Traceback (most recent call last):
  File "C:\Users\vchikkay\Desktop\Eejo\Eejo_Shivamogga _V2_AfterEvent_Updated_Py_Updated\Eejo\Lib\ModbusLib.py", line 104, in ReadModbusData
    ModbusLibcls.regval = ModbusLibcls.instrument.read_registers(0, 7)
                          ^^^^^^^^^^^^^^^^^^^^^^^^^^^^^^^^^^^^^^
AttributeError: 'NoneType' object has no attribute 'read_registers'

2026-01-14 09:19:11 ERROR ReadModbusData(119) ReadModbusData: 'NoneType' object has no attribute 'read_registers'
Traceback (most recent call last):
  File "C:\Users\vchikkay\Desktop\Eejo\Eejo_Shivamogga _V2_AfterEvent_Updated_Py_Updated\Eejo\Lib\ModbusLib.py", line 104, in ReadModbusData
    ModbusLibcls.regval = ModbusLibcls.instrument.read_registers(0, 7)
                          ^^^^^^^^^^^^^^^^^^^^^^^^^^^^^^^^^^^^^^
AttributeError: 'NoneType' object has no attribute 'read_registers'

2026-01-14 09:19:11 ERROR ReadModbusData(119) ReadModbusData: 'NoneType' object has no attribute 'read_registers'
Traceback (most recent call last):
  File "C:\Users\vchikkay\Desktop\Eejo\Eejo_Shivamogga _V2_AfterEvent_Updated_Py_Updated\Eejo\Lib\ModbusLib.py", line 104, in ReadModbusData
    ModbusLibcls.regval = ModbusLibcls.instrument.read_registers(0, 7)
                          ^^^^^^^^^^^^^^^^^^^^^^^^^^^^^^^^^^^^^^
AttributeError: 'NoneType' object has no attribute 'read_registers'

2026-01-14 09:19:11 ERROR ReadModbusData(119) ReadModbusData: 'NoneType' object has no attribute 'read_registers'
Traceback (most recent call last):
  File "C:\Users\vchikkay\Desktop\Eejo\Eejo_Shivamogga _V2_AfterEvent_Updated_Py_Updated\Eejo\Lib\ModbusLib.py", line 104, in ReadModbusData
    ModbusLibcls.regval = ModbusLibcls.instrument.read_registers(0, 7)
                          ^^^^^^^^^^^^^^^^^^^^^^^^^^^^^^^^^^^^^^
AttributeError: 'NoneType' object has no attribute 'read_registers'

2026-01-14 09:19:12 ERROR ReadModbusData(119) ReadModbusData: 'NoneType' object has no attribute 'read_registers'
Traceback (most recent call last):
  File "C:\Users\vchikkay\Desktop\Eejo\Eejo_Shivamogga _V2_AfterEvent_Updated_Py_Updated\Eejo\Lib\ModbusLib.py", line 104, in ReadModbusData
    ModbusLibcls.regval = ModbusLibcls.instrument.read_registers(0, 7)
                          ^^^^^^^^^^^^^^^^^^^^^^^^^^^^^^^^^^^^^^
AttributeError: 'NoneType' object has no attribute 'read_registers'

2026-01-14 09:19:12 ERROR ReadModbusData(119) ReadModbusData: 'NoneType' object has no attribute 'read_registers'
Traceback (most recent call last):
  File "C:\Users\vchikkay\Desktop\Eejo\Eejo_Shivamogga _V2_AfterEvent_Updated_Py_Updated\Eejo\Lib\ModbusLib.py", line 104, in ReadModbusData
    ModbusLibcls.regval = ModbusLibcls.instrument.read_registers(0, 7)
                          ^^^^^^^^^^^^^^^^^^^^^^^^^^^^^^^^^^^^^^
AttributeError: 'NoneType' object has no attribute 'read_registers'

2026-01-14 09:19:12 ERROR ReadModbusData(119) ReadModbusData: 'NoneType' object has no attribute 'read_registers'
Traceback (most recent call last):
  File "C:\Users\vchikkay\Desktop\Eejo\Eejo_Shivamogga _V2_AfterEvent_Updated_Py_Updated\Eejo\Lib\ModbusLib.py", line 104, in ReadModbusData
    ModbusLibcls.regval = ModbusLibcls.instrument.read_registers(0, 7)
                          ^^^^^^^^^^^^^^^^^^^^^^^^^^^^^^^^^^^^^^
AttributeError: 'NoneType' object has no attribute 'read_registers'

2026-01-14 09:19:12 ERROR ReadModbusData(119) ReadModbusData: 'NoneType' object has no attribute 'read_registers'
Traceback (most recent call last):
  File "C:\Users\vchikkay\Desktop\Eejo\Eejo_Shivamogga _V2_AfterEvent_Updated_Py_Updated\Eejo\Lib\ModbusLib.py", line 104, in ReadModbusData
    ModbusLibcls.regval = ModbusLibcls.instrument.read_registers(0, 7)
                          ^^^^^^^^^^^^^^^^^^^^^^^^^^^^^^^^^^^^^^
AttributeError: 'NoneType' object has no attribute 'read_registers'

2026-01-14 09:19:12 ERROR ReadModbusData(119) ReadModbusData: 'NoneType' object has no attribute 'read_registers'
Traceback (most recent call last):
  File "C:\Users\vchikkay\Desktop\Eejo\Eejo_Shivamogga _V2_AfterEvent_Updated_Py_Updated\Eejo\Lib\ModbusLib.py", line 104, in ReadModbusData
    ModbusLibcls.regval = ModbusLibcls.instrument.read_registers(0, 7)
                          ^^^^^^^^^^^^^^^^^^^^^^^^^^^^^^^^^^^^^^
AttributeError: 'NoneType' object has no attribute 'read_registers'

2026-01-14 09:19:12 ERROR ReadModbusData(119) ReadModbusData: 'NoneType' object has no attribute 'read_registers'
Traceback (most recent call last):
  File "C:\Users\vchikkay\Desktop\Eejo\Eejo_Shivamogga _V2_AfterEvent_Updated_Py_Updated\Eejo\Lib\ModbusLib.py", line 104, in ReadModbusData
    ModbusLibcls.regval = ModbusLibcls.instrument.read_registers(0, 7)
                          ^^^^^^^^^^^^^^^^^^^^^^^^^^^^^^^^^^^^^^
AttributeError: 'NoneType' object has no attribute 'read_registers'

2026-01-14 09:19:12 ERROR ReadModbusData(119) ReadModbusData: 'NoneType' object has no attribute 'read_registers'
Traceback (most recent call last):
  File "C:\Users\vchikkay\Desktop\Eejo\Eejo_Shivamogga _V2_AfterEvent_Updated_Py_Updated\Eejo\Lib\ModbusLib.py", line 104, in ReadModbusData
    ModbusLibcls.regval = ModbusLibcls.instrument.read_registers(0, 7)
                          ^^^^^^^^^^^^^^^^^^^^^^^^^^^^^^^^^^^^^^
AttributeError: 'NoneType' object has no attribute 'read_registers'

2026-01-14 09:19:12 ERROR ReadModbusData(119) ReadModbusData: 'NoneType' object has no attribute 'read_registers'
Traceback (most recent call last):
  File "C:\Users\vchikkay\Desktop\Eejo\Eejo_Shivamogga _V2_AfterEvent_Updated_Py_Updated\Eejo\Lib\ModbusLib.py", line 104, in ReadModbusData
    ModbusLibcls.regval = ModbusLibcls.instrument.read_registers(0, 7)
                          ^^^^^^^^^^^^^^^^^^^^^^^^^^^^^^^^^^^^^^
AttributeError: 'NoneType' object has no attribute 'read_registers'

2026-01-14 09:19:12 ERROR ReadModbusData(119) ReadModbusData: 'NoneType' object has no attribute 'read_registers'
Traceback (most recent call last):
  File "C:\Users\vchikkay\Desktop\Eejo\Eejo_Shivamogga _V2_AfterEvent_Updated_Py_Updated\Eejo\Lib\ModbusLib.py", line 104, in ReadModbusData
    ModbusLibcls.regval = ModbusLibcls.instrument.read_registers(0, 7)
                          ^^^^^^^^^^^^^^^^^^^^^^^^^^^^^^^^^^^^^^
AttributeError: 'NoneType' object has no attribute 'read_registers'

2026-01-14 09:19:12 ERROR ReadModbusData(119) ReadModbusData: 'NoneType' object has no attribute 'read_registers'
Traceback (most recent call last):
  File "C:\Users\vchikkay\Desktop\Eejo\Eejo_Shivamogga _V2_AfterEvent_Updated_Py_Updated\Eejo\Lib\ModbusLib.py", line 104, in ReadModbusData
    ModbusLibcls.regval = ModbusLibcls.instrument.read_registers(0, 7)
                          ^^^^^^^^^^^^^^^^^^^^^^^^^^^^^^^^^^^^^^
AttributeError: 'NoneType' object has no attribute 'read_registers'

2026-01-14 09:19:12 ERROR ReadModbusData(119) ReadModbusData: 'NoneType' object has no attribute 'read_registers'
Traceback (most recent call last):
  File "C:\Users\vchikkay\Desktop\Eejo\Eejo_Shivamogga _V2_AfterEvent_Updated_Py_Updated\Eejo\Lib\ModbusLib.py", line 104, in ReadModbusData
    ModbusLibcls.regval = ModbusLibcls.instrument.read_registers(0, 7)
                          ^^^^^^^^^^^^^^^^^^^^^^^^^^^^^^^^^^^^^^
AttributeError: 'NoneType' object has no attribute 'read_registers'

2026-01-14 09:19:12 ERROR ReadModbusData(119) ReadModbusData: 'NoneType' object has no attribute 'read_registers'
Traceback (most recent call last):
  File "C:\Users\vchikkay\Desktop\Eejo\Eejo_Shivamogga _V2_AfterEvent_Updated_Py_Updated\Eejo\Lib\ModbusLib.py", line 104, in ReadModbusData
    ModbusLibcls.regval = ModbusLibcls.instrument.read_registers(0, 7)
                          ^^^^^^^^^^^^^^^^^^^^^^^^^^^^^^^^^^^^^^
AttributeError: 'NoneType' object has no attribute 'read_registers'

2026-01-14 09:19:12 ERROR ReadModbusData(119) ReadModbusData: 'NoneType' object has no attribute 'read_registers'
Traceback (most recent call last):
  File "C:\Users\vchikkay\Desktop\Eejo\Eejo_Shivamogga _V2_AfterEvent_Updated_Py_Updated\Eejo\Lib\ModbusLib.py", line 104, in ReadModbusData
    ModbusLibcls.regval = ModbusLibcls.instrument.read_registers(0, 7)
                          ^^^^^^^^^^^^^^^^^^^^^^^^^^^^^^^^^^^^^^
AttributeError: 'NoneType' object has no attribute 'read_registers'

2026-01-14 09:19:12 ERROR ReadModbusData(119) ReadModbusData: 'NoneType' object has no attribute 'read_registers'
Traceback (most recent call last):
  File "C:\Users\vchikkay\Desktop\Eejo\Eejo_Shivamogga _V2_AfterEvent_Updated_Py_Updated\Eejo\Lib\ModbusLib.py", line 104, in ReadModbusData
    ModbusLibcls.regval = ModbusLibcls.instrument.read_registers(0, 7)
                          ^^^^^^^^^^^^^^^^^^^^^^^^^^^^^^^^^^^^^^
AttributeError: 'NoneType' object has no attribute 'read_registers'

2026-01-14 09:19:12 ERROR ReadModbusData(119) ReadModbusData: 'NoneType' object has no attribute 'read_registers'
Traceback (most recent call last):
  File "C:\Users\vchikkay\Desktop\Eejo\Eejo_Shivamogga _V2_AfterEvent_Updated_Py_Updated\Eejo\Lib\ModbusLib.py", line 104, in ReadModbusData
    ModbusLibcls.regval = ModbusLibcls.instrument.read_registers(0, 7)
                          ^^^^^^^^^^^^^^^^^^^^^^^^^^^^^^^^^^^^^^
AttributeError: 'NoneType' object has no attribute 'read_registers'

2026-01-14 09:19:12 ERROR ReadModbusData(119) ReadModbusData: 'NoneType' object has no attribute 'read_registers'
Traceback (most recent call last):
  File "C:\Users\vchikkay\Desktop\Eejo\Eejo_Shivamogga _V2_AfterEvent_Updated_Py_Updated\Eejo\Lib\ModbusLib.py", line 104, in ReadModbusData
    ModbusLibcls.regval = ModbusLibcls.instrument.read_registers(0, 7)
                          ^^^^^^^^^^^^^^^^^^^^^^^^^^^^^^^^^^^^^^
AttributeError: 'NoneType' object has no attribute 'read_registers'

2026-01-14 09:19:13 ERROR ReadModbusData(119) ReadModbusData: 'NoneType' object has no attribute 'read_registers'
Traceback (most recent call last):
  File "C:\Users\vchikkay\Desktop\Eejo\Eejo_Shivamogga _V2_AfterEvent_Updated_Py_Updated\Eejo\Lib\ModbusLib.py", line 104, in ReadModbusData
    ModbusLibcls.regval = ModbusLibcls.instrument.read_registers(0, 7)
                          ^^^^^^^^^^^^^^^^^^^^^^^^^^^^^^^^^^^^^^
AttributeError: 'NoneType' object has no attribute 'read_registers'

2026-01-14 09:19:13 ERROR ReadModbusData(119) ReadModbusData: 'NoneType' object has no attribute 'read_registers'
Traceback (most recent call last):
  File "C:\Users\vchikkay\Desktop\Eejo\Eejo_Shivamogga _V2_AfterEvent_Updated_Py_Updated\Eejo\Lib\ModbusLib.py", line 104, in ReadModbusData
    ModbusLibcls.regval = ModbusLibcls.instrument.read_registers(0, 7)
                          ^^^^^^^^^^^^^^^^^^^^^^^^^^^^^^^^^^^^^^
AttributeError: 'NoneType' object has no attribute 'read_registers'

2026-01-14 09:19:13 ERROR ReadModbusData(119) ReadModbusData: 'NoneType' object has no attribute 'read_registers'
Traceback (most recent call last):
  File "C:\Users\vchikkay\Desktop\Eejo\Eejo_Shivamogga _V2_AfterEvent_Updated_Py_Updated\Eejo\Lib\ModbusLib.py", line 104, in ReadModbusData
    ModbusLibcls.regval = ModbusLibcls.instrument.read_registers(0, 7)
                          ^^^^^^^^^^^^^^^^^^^^^^^^^^^^^^^^^^^^^^
AttributeError: 'NoneType' object has no attribute 'read_registers'

2026-01-14 09:19:13 ERROR ReadModbusData(119) ReadModbusData: 'NoneType' object has no attribute 'read_registers'
Traceback (most recent call last):
  File "C:\Users\vchikkay\Desktop\Eejo\Eejo_Shivamogga _V2_AfterEvent_Updated_Py_Updated\Eejo\Lib\ModbusLib.py", line 104, in ReadModbusData
    ModbusLibcls.regval = ModbusLibcls.instrument.read_registers(0, 7)
                          ^^^^^^^^^^^^^^^^^^^^^^^^^^^^^^^^^^^^^^
AttributeError: 'NoneType' object has no attribute 'read_registers'

2026-01-14 09:19:13 ERROR ReadModbusData(119) ReadModbusData: 'NoneType' object has no attribute 'read_registers'
Traceback (most recent call last):
  File "C:\Users\vchikkay\Desktop\Eejo\Eejo_Shivamogga _V2_AfterEvent_Updated_Py_Updated\Eejo\Lib\ModbusLib.py", line 104, in ReadModbusData
    ModbusLibcls.regval = ModbusLibcls.instrument.read_registers(0, 7)
                          ^^^^^^^^^^^^^^^^^^^^^^^^^^^^^^^^^^^^^^
AttributeError: 'NoneType' object has no attribute 'read_registers'

2026-01-14 09:19:13 ERROR ReadModbusData(119) ReadModbusData: 'NoneType' object has no attribute 'read_registers'
Traceback (most recent call last):
  File "C:\Users\vchikkay\Desktop\Eejo\Eejo_Shivamogga _V2_AfterEvent_Updated_Py_Updated\Eejo\Lib\ModbusLib.py", line 104, in ReadModbusData
    ModbusLibcls.regval = ModbusLibcls.instrument.read_registers(0, 7)
                          ^^^^^^^^^^^^^^^^^^^^^^^^^^^^^^^^^^^^^^
AttributeError: 'NoneType' object has no attribute 'read_registers'

2026-01-14 09:19:13 ERROR ReadModbusData(119) ReadModbusData: 'NoneType' object has no attribute 'read_registers'
Traceback (most recent call last):
  File "C:\Users\vchikkay\Desktop\Eejo\Eejo_Shivamogga _V2_AfterEvent_Updated_Py_Updated\Eejo\Lib\ModbusLib.py", line 104, in ReadModbusData
    ModbusLibcls.regval = ModbusLibcls.instrument.read_registers(0, 7)
                          ^^^^^^^^^^^^^^^^^^^^^^^^^^^^^^^^^^^^^^
AttributeError: 'NoneType' object has no attribute 'read_registers'

2026-01-14 09:19:13 ERROR ReadModbusData(119) ReadModbusData: 'NoneType' object has no attribute 'read_registers'
Traceback (most recent call last):
  File "C:\Users\vchikkay\Desktop\Eejo\Eejo_Shivamogga _V2_AfterEvent_Updated_Py_Updated\Eejo\Lib\ModbusLib.py", line 104, in ReadModbusData
    ModbusLibcls.regval = ModbusLibcls.instrument.read_registers(0, 7)
                          ^^^^^^^^^^^^^^^^^^^^^^^^^^^^^^^^^^^^^^
AttributeError: 'NoneType' object has no attribute 'read_registers'

2026-01-14 09:19:13 ERROR ReadModbusData(119) ReadModbusData: 'NoneType' object has no attribute 'read_registers'
Traceback (most recent call last):
  File "C:\Users\vchikkay\Desktop\Eejo\Eejo_Shivamogga _V2_AfterEvent_Updated_Py_Updated\Eejo\Lib\ModbusLib.py", line 104, in ReadModbusData
    ModbusLibcls.regval = ModbusLibcls.instrument.read_registers(0, 7)
                          ^^^^^^^^^^^^^^^^^^^^^^^^^^^^^^^^^^^^^^
AttributeError: 'NoneType' object has no attribute 'read_registers'

2026-01-14 09:19:13 ERROR ReadModbusData(119) ReadModbusData: 'NoneType' object has no attribute 'read_registers'
Traceback (most recent call last):
  File "C:\Users\vchikkay\Desktop\Eejo\Eejo_Shivamogga _V2_AfterEvent_Updated_Py_Updated\Eejo\Lib\ModbusLib.py", line 104, in ReadModbusData
    ModbusLibcls.regval = ModbusLibcls.instrument.read_registers(0, 7)
                          ^^^^^^^^^^^^^^^^^^^^^^^^^^^^^^^^^^^^^^
AttributeError: 'NoneType' object has no attribute 'read_registers'

2026-01-14 09:19:13 ERROR ReadModbusData(119) ReadModbusData: 'NoneType' object has no attribute 'read_registers'
Traceback (most recent call last):
  File "C:\Users\vchikkay\Desktop\Eejo\Eejo_Shivamogga _V2_AfterEvent_Updated_Py_Updated\Eejo\Lib\ModbusLib.py", line 104, in ReadModbusData
    ModbusLibcls.regval = ModbusLibcls.instrument.read_registers(0, 7)
                          ^^^^^^^^^^^^^^^^^^^^^^^^^^^^^^^^^^^^^^
AttributeError: 'NoneType' object has no attribute 'read_registers'

2026-01-14 09:19:13 ERROR ReadModbusData(119) ReadModbusData: 'NoneType' object has no attribute 'read_registers'
Traceback (most recent call last):
  File "C:\Users\vchikkay\Desktop\Eejo\Eejo_Shivamogga _V2_AfterEvent_Updated_Py_Updated\Eejo\Lib\ModbusLib.py", line 104, in ReadModbusData
    ModbusLibcls.regval = ModbusLibcls.instrument.read_registers(0, 7)
                          ^^^^^^^^^^^^^^^^^^^^^^^^^^^^^^^^^^^^^^
AttributeError: 'NoneType' object has no attribute 'read_registers'

2026-01-14 09:19:13 ERROR ReadModbusData(119) ReadModbusData: 'NoneType' object has no attribute 'read_registers'
Traceback (most recent call last):
  File "C:\Users\vchikkay\Desktop\Eejo\Eejo_Shivamogga _V2_AfterEvent_Updated_Py_Updated\Eejo\Lib\ModbusLib.py", line 104, in ReadModbusData
    ModbusLibcls.regval = ModbusLibcls.instrument.read_registers(0, 7)
                          ^^^^^^^^^^^^^^^^^^^^^^^^^^^^^^^^^^^^^^
AttributeError: 'NoneType' object has no attribute 'read_registers'

2026-01-14 09:19:13 ERROR ReadModbusData(119) ReadModbusData: 'NoneType' object has no attribute 'read_registers'
Traceback (most recent call last):
  File "C:\Users\vchikkay\Desktop\Eejo\Eejo_Shivamogga _V2_AfterEvent_Updated_Py_Updated\Eejo\Lib\ModbusLib.py", line 104, in ReadModbusData
    ModbusLibcls.regval = ModbusLibcls.instrument.read_registers(0, 7)
                          ^^^^^^^^^^^^^^^^^^^^^^^^^^^^^^^^^^^^^^
AttributeError: 'NoneType' object has no attribute 'read_registers'

2026-01-14 09:19:13 ERROR ReadModbusData(119) ReadModbusData: 'NoneType' object has no attribute 'read_registers'
Traceback (most recent call last):
  File "C:\Users\vchikkay\Desktop\Eejo\Eejo_Shivamogga _V2_AfterEvent_Updated_Py_Updated\Eejo\Lib\ModbusLib.py", line 104, in ReadModbusData
    ModbusLibcls.regval = ModbusLibcls.instrument.read_registers(0, 7)
                          ^^^^^^^^^^^^^^^^^^^^^^^^^^^^^^^^^^^^^^
AttributeError: 'NoneType' object has no attribute 'read_registers'

2026-01-14 09:19:13 ERROR ReadModbusData(119) ReadModbusData: 'NoneType' object has no attribute 'read_registers'
Traceback (most recent call last):
  File "C:\Users\vchikkay\Desktop\Eejo\Eejo_Shivamogga _V2_AfterEvent_Updated_Py_Updated\Eejo\Lib\ModbusLib.py", line 104, in ReadModbusData
    ModbusLibcls.regval = ModbusLibcls.instrument.read_registers(0, 7)
                          ^^^^^^^^^^^^^^^^^^^^^^^^^^^^^^^^^^^^^^
AttributeError: 'NoneType' object has no attribute 'read_registers'

2026-01-14 09:19:13 ERROR ReadModbusData(119) ReadModbusData: 'NoneType' object has no attribute 'read_registers'
Traceback (most recent call last):
  File "C:\Users\vchikkay\Desktop\Eejo\Eejo_Shivamogga _V2_AfterEvent_Updated_Py_Updated\Eejo\Lib\ModbusLib.py", line 104, in ReadModbusData
    ModbusLibcls.regval = ModbusLibcls.instrument.read_registers(0, 7)
                          ^^^^^^^^^^^^^^^^^^^^^^^^^^^^^^^^^^^^^^
AttributeError: 'NoneType' object has no attribute 'read_registers'

2026-01-14 09:19:14 ERROR ReadModbusData(119) ReadModbusData: 'NoneType' object has no attribute 'read_registers'
Traceback (most recent call last):
  File "C:\Users\vchikkay\Desktop\Eejo\Eejo_Shivamogga _V2_AfterEvent_Updated_Py_Updated\Eejo\Lib\ModbusLib.py", line 104, in ReadModbusData
    ModbusLibcls.regval = ModbusLibcls.instrument.read_registers(0, 7)
                          ^^^^^^^^^^^^^^^^^^^^^^^^^^^^^^^^^^^^^^
AttributeError: 'NoneType' object has no attribute 'read_registers'

2026-01-14 09:19:14 ERROR ReadModbusData(119) ReadModbusData: 'NoneType' object has no attribute 'read_registers'
Traceback (most recent call last):
  File "C:\Users\vchikkay\Desktop\Eejo\Eejo_Shivamogga _V2_AfterEvent_Updated_Py_Updated\Eejo\Lib\ModbusLib.py", line 104, in ReadModbusData
    ModbusLibcls.regval = ModbusLibcls.instrument.read_registers(0, 7)
                          ^^^^^^^^^^^^^^^^^^^^^^^^^^^^^^^^^^^^^^
AttributeError: 'NoneType' object has no attribute 'read_registers'

2026-01-14 09:19:14 ERROR ReadModbusData(119) ReadModbusData: 'NoneType' object has no attribute 'read_registers'
Traceback (most recent call last):
  File "C:\Users\vchikkay\Desktop\Eejo\Eejo_Shivamogga _V2_AfterEvent_Updated_Py_Updated\Eejo\Lib\ModbusLib.py", line 104, in ReadModbusData
    ModbusLibcls.regval = ModbusLibcls.instrument.read_registers(0, 7)
                          ^^^^^^^^^^^^^^^^^^^^^^^^^^^^^^^^^^^^^^
AttributeError: 'NoneType' object has no attribute 'read_registers'

2026-01-14 09:19:14 ERROR ReadModbusData(119) ReadModbusData: 'NoneType' object has no attribute 'read_registers'
Traceback (most recent call last):
  File "C:\Users\vchikkay\Desktop\Eejo\Eejo_Shivamogga _V2_AfterEvent_Updated_Py_Updated\Eejo\Lib\ModbusLib.py", line 104, in ReadModbusData
    ModbusLibcls.regval = ModbusLibcls.instrument.read_registers(0, 7)
                          ^^^^^^^^^^^^^^^^^^^^^^^^^^^^^^^^^^^^^^
AttributeError: 'NoneType' object has no attribute 'read_registers'

2026-01-14 09:19:14 ERROR ReadModbusData(119) ReadModbusData: 'NoneType' object has no attribute 'read_registers'
Traceback (most recent call last):
  File "C:\Users\vchikkay\Desktop\Eejo\Eejo_Shivamogga _V2_AfterEvent_Updated_Py_Updated\Eejo\Lib\ModbusLib.py", line 104, in ReadModbusData
    ModbusLibcls.regval = ModbusLibcls.instrument.read_registers(0, 7)
                          ^^^^^^^^^^^^^^^^^^^^^^^^^^^^^^^^^^^^^^
AttributeError: 'NoneType' object has no attribute 'read_registers'

2026-01-14 09:19:14 ERROR ReadModbusData(119) ReadModbusData: 'NoneType' object has no attribute 'read_registers'
Traceback (most recent call last):
  File "C:\Users\vchikkay\Desktop\Eejo\Eejo_Shivamogga _V2_AfterEvent_Updated_Py_Updated\Eejo\Lib\ModbusLib.py", line 104, in ReadModbusData
    ModbusLibcls.regval = ModbusLibcls.instrument.read_registers(0, 7)
                          ^^^^^^^^^^^^^^^^^^^^^^^^^^^^^^^^^^^^^^
AttributeError: 'NoneType' object has no attribute 'read_registers'

2026-01-14 09:19:14 ERROR ReadModbusData(119) ReadModbusData: 'NoneType' object has no attribute 'read_registers'
Traceback (most recent call last):
  File "C:\Users\vchikkay\Desktop\Eejo\Eejo_Shivamogga _V2_AfterEvent_Updated_Py_Updated\Eejo\Lib\ModbusLib.py", line 104, in ReadModbusData
    ModbusLibcls.regval = ModbusLibcls.instrument.read_registers(0, 7)
                          ^^^^^^^^^^^^^^^^^^^^^^^^^^^^^^^^^^^^^^
AttributeError: 'NoneType' object has no attribute 'read_registers'

2026-01-14 09:19:14 ERROR ReadModbusData(119) ReadModbusData: 'NoneType' object has no attribute 'read_registers'
Traceback (most recent call last):
  File "C:\Users\vchikkay\Desktop\Eejo\Eejo_Shivamogga _V2_AfterEvent_Updated_Py_Updated\Eejo\Lib\ModbusLib.py", line 104, in ReadModbusData
    ModbusLibcls.regval = ModbusLibcls.instrument.read_registers(0, 7)
                          ^^^^^^^^^^^^^^^^^^^^^^^^^^^^^^^^^^^^^^
AttributeError: 'NoneType' object has no attribute 'read_registers'

2026-01-14 09:19:14 ERROR ReadModbusData(119) ReadModbusData: 'NoneType' object has no attribute 'read_registers'
Traceback (most recent call last):
  File "C:\Users\vchikkay\Desktop\Eejo\Eejo_Shivamogga _V2_AfterEvent_Updated_Py_Updated\Eejo\Lib\ModbusLib.py", line 104, in ReadModbusData
    ModbusLibcls.regval = ModbusLibcls.instrument.read_registers(0, 7)
                          ^^^^^^^^^^^^^^^^^^^^^^^^^^^^^^^^^^^^^^
AttributeError: 'NoneType' object has no attribute 'read_registers'

2026-01-14 09:19:14 ERROR ReadModbusData(119) ReadModbusData: 'NoneType' object has no attribute 'read_registers'
Traceback (most recent call last):
  File "C:\Users\vchikkay\Desktop\Eejo\Eejo_Shivamogga _V2_AfterEvent_Updated_Py_Updated\Eejo\Lib\ModbusLib.py", line 104, in ReadModbusData
    ModbusLibcls.regval = ModbusLibcls.instrument.read_registers(0, 7)
                          ^^^^^^^^^^^^^^^^^^^^^^^^^^^^^^^^^^^^^^
AttributeError: 'NoneType' object has no attribute 'read_registers'

2026-01-14 09:19:14 ERROR ReadModbusData(119) ReadModbusData: 'NoneType' object has no attribute 'read_registers'
Traceback (most recent call last):
  File "C:\Users\vchikkay\Desktop\Eejo\Eejo_Shivamogga _V2_AfterEvent_Updated_Py_Updated\Eejo\Lib\ModbusLib.py", line 104, in ReadModbusData
    ModbusLibcls.regval = ModbusLibcls.instrument.read_registers(0, 7)
                          ^^^^^^^^^^^^^^^^^^^^^^^^^^^^^^^^^^^^^^
AttributeError: 'NoneType' object has no attribute 'read_registers'

2026-01-14 09:19:14 ERROR ReadModbusData(119) ReadModbusData: 'NoneType' object has no attribute 'read_registers'
Traceback (most recent call last):
  File "C:\Users\vchikkay\Desktop\Eejo\Eejo_Shivamogga _V2_AfterEvent_Updated_Py_Updated\Eejo\Lib\ModbusLib.py", line 104, in ReadModbusData
    ModbusLibcls.regval = ModbusLibcls.instrument.read_registers(0, 7)
                          ^^^^^^^^^^^^^^^^^^^^^^^^^^^^^^^^^^^^^^
AttributeError: 'NoneType' object has no attribute 'read_registers'

2026-01-14 09:19:14 ERROR ReadModbusData(119) ReadModbusData: 'NoneType' object has no attribute 'read_registers'
Traceback (most recent call last):
  File "C:\Users\vchikkay\Desktop\Eejo\Eejo_Shivamogga _V2_AfterEvent_Updated_Py_Updated\Eejo\Lib\ModbusLib.py", line 104, in ReadModbusData
    ModbusLibcls.regval = ModbusLibcls.instrument.read_registers(0, 7)
                          ^^^^^^^^^^^^^^^^^^^^^^^^^^^^^^^^^^^^^^
AttributeError: 'NoneType' object has no attribute 'read_registers'

2026-01-14 09:19:14 ERROR ReadModbusData(119) ReadModbusData: 'NoneType' object has no attribute 'read_registers'
Traceback (most recent call last):
  File "C:\Users\vchikkay\Desktop\Eejo\Eejo_Shivamogga _V2_AfterEvent_Updated_Py_Updated\Eejo\Lib\ModbusLib.py", line 104, in ReadModbusData
    ModbusLibcls.regval = ModbusLibcls.instrument.read_registers(0, 7)
                          ^^^^^^^^^^^^^^^^^^^^^^^^^^^^^^^^^^^^^^
AttributeError: 'NoneType' object has no attribute 'read_registers'

2026-01-14 09:19:14 ERROR ReadModbusData(119) ReadModbusData: 'NoneType' object has no attribute 'read_registers'
Traceback (most recent call last):
  File "C:\Users\vchikkay\Desktop\Eejo\Eejo_Shivamogga _V2_AfterEvent_Updated_Py_Updated\Eejo\Lib\ModbusLib.py", line 104, in ReadModbusData
    ModbusLibcls.regval = ModbusLibcls.instrument.read_registers(0, 7)
                          ^^^^^^^^^^^^^^^^^^^^^^^^^^^^^^^^^^^^^^
AttributeError: 'NoneType' object has no attribute 'read_registers'

2026-01-14 09:19:14 ERROR ReadModbusData(119) ReadModbusData: 'NoneType' object has no attribute 'read_registers'
Traceback (most recent call last):
  File "C:\Users\vchikkay\Desktop\Eejo\Eejo_Shivamogga _V2_AfterEvent_Updated_Py_Updated\Eejo\Lib\ModbusLib.py", line 104, in ReadModbusData
    ModbusLibcls.regval = ModbusLibcls.instrument.read_registers(0, 7)
                          ^^^^^^^^^^^^^^^^^^^^^^^^^^^^^^^^^^^^^^
AttributeError: 'NoneType' object has no attribute 'read_registers'

2026-01-14 09:19:15 ERROR ReadModbusData(119) ReadModbusData: 'NoneType' object has no attribute 'read_registers'
Traceback (most recent call last):
  File "C:\Users\vchikkay\Desktop\Eejo\Eejo_Shivamogga _V2_AfterEvent_Updated_Py_Updated\Eejo\Lib\ModbusLib.py", line 104, in ReadModbusData
    ModbusLibcls.regval = ModbusLibcls.instrument.read_registers(0, 7)
                          ^^^^^^^^^^^^^^^^^^^^^^^^^^^^^^^^^^^^^^
AttributeError: 'NoneType' object has no attribute 'read_registers'

2026-01-14 09:19:15 ERROR ReadModbusData(119) ReadModbusData: 'NoneType' object has no attribute 'read_registers'
Traceback (most recent call last):
  File "C:\Users\vchikkay\Desktop\Eejo\Eejo_Shivamogga _V2_AfterEvent_Updated_Py_Updated\Eejo\Lib\ModbusLib.py", line 104, in ReadModbusData
    ModbusLibcls.regval = ModbusLibcls.instrument.read_registers(0, 7)
                          ^^^^^^^^^^^^^^^^^^^^^^^^^^^^^^^^^^^^^^
AttributeError: 'NoneType' object has no attribute 'read_registers'

2026-01-14 09:19:15 ERROR ReadModbusData(119) ReadModbusData: 'NoneType' object has no attribute 'read_registers'
Traceback (most recent call last):
  File "C:\Users\vchikkay\Desktop\Eejo\Eejo_Shivamogga _V2_AfterEvent_Updated_Py_Updated\Eejo\Lib\ModbusLib.py", line 104, in ReadModbusData
    ModbusLibcls.regval = ModbusLibcls.instrument.read_registers(0, 7)
                          ^^^^^^^^^^^^^^^^^^^^^^^^^^^^^^^^^^^^^^
AttributeError: 'NoneType' object has no attribute 'read_registers'

2026-01-14 09:19:15 ERROR ReadModbusData(119) ReadModbusData: 'NoneType' object has no attribute 'read_registers'
Traceback (most recent call last):
  File "C:\Users\vchikkay\Desktop\Eejo\Eejo_Shivamogga _V2_AfterEvent_Updated_Py_Updated\Eejo\Lib\ModbusLib.py", line 104, in ReadModbusData
    ModbusLibcls.regval = ModbusLibcls.instrument.read_registers(0, 7)
                          ^^^^^^^^^^^^^^^^^^^^^^^^^^^^^^^^^^^^^^
AttributeError: 'NoneType' object has no attribute 'read_registers'

2026-01-14 09:19:15 ERROR ReadModbusData(119) ReadModbusData: 'NoneType' object has no attribute 'read_registers'
Traceback (most recent call last):
  File "C:\Users\vchikkay\Desktop\Eejo\Eejo_Shivamogga _V2_AfterEvent_Updated_Py_Updated\Eejo\Lib\ModbusLib.py", line 104, in ReadModbusData
    ModbusLibcls.regval = ModbusLibcls.instrument.read_registers(0, 7)
                          ^^^^^^^^^^^^^^^^^^^^^^^^^^^^^^^^^^^^^^
AttributeError: 'NoneType' object has no attribute 'read_registers'

2026-01-14 09:19:15 ERROR ReadModbusData(119) ReadModbusData: 'NoneType' object has no attribute 'read_registers'
Traceback (most recent call last):
  File "C:\Users\vchikkay\Desktop\Eejo\Eejo_Shivamogga _V2_AfterEvent_Updated_Py_Updated\Eejo\Lib\ModbusLib.py", line 104, in ReadModbusData
    ModbusLibcls.regval = ModbusLibcls.instrument.read_registers(0, 7)
                          ^^^^^^^^^^^^^^^^^^^^^^^^^^^^^^^^^^^^^^
AttributeError: 'NoneType' object has no attribute 'read_registers'

2026-01-14 09:19:15 ERROR ReadModbusData(119) ReadModbusData: 'NoneType' object has no attribute 'read_registers'
Traceback (most recent call last):
  File "C:\Users\vchikkay\Desktop\Eejo\Eejo_Shivamogga _V2_AfterEvent_Updated_Py_Updated\Eejo\Lib\ModbusLib.py", line 104, in ReadModbusData
    ModbusLibcls.regval = ModbusLibcls.instrument.read_registers(0, 7)
                          ^^^^^^^^^^^^^^^^^^^^^^^^^^^^^^^^^^^^^^
AttributeError: 'NoneType' object has no attribute 'read_registers'

2026-01-14 09:19:15 ERROR ReadModbusData(119) ReadModbusData: 'NoneType' object has no attribute 'read_registers'
Traceback (most recent call last):
  File "C:\Users\vchikkay\Desktop\Eejo\Eejo_Shivamogga _V2_AfterEvent_Updated_Py_Updated\Eejo\Lib\ModbusLib.py", line 104, in ReadModbusData
    ModbusLibcls.regval = ModbusLibcls.instrument.read_registers(0, 7)
                          ^^^^^^^^^^^^^^^^^^^^^^^^^^^^^^^^^^^^^^
AttributeError: 'NoneType' object has no attribute 'read_registers'

2026-01-14 09:19:15 ERROR ReadModbusData(119) ReadModbusData: 'NoneType' object has no attribute 'read_registers'
Traceback (most recent call last):
  File "C:\Users\vchikkay\Desktop\Eejo\Eejo_Shivamogga _V2_AfterEvent_Updated_Py_Updated\Eejo\Lib\ModbusLib.py", line 104, in ReadModbusData
    ModbusLibcls.regval = ModbusLibcls.instrument.read_registers(0, 7)
                          ^^^^^^^^^^^^^^^^^^^^^^^^^^^^^^^^^^^^^^
AttributeError: 'NoneType' object has no attribute 'read_registers'

2026-01-14 09:19:15 ERROR ReadModbusData(119) ReadModbusData: 'NoneType' object has no attribute 'read_registers'
Traceback (most recent call last):
  File "C:\Users\vchikkay\Desktop\Eejo\Eejo_Shivamogga _V2_AfterEvent_Updated_Py_Updated\Eejo\Lib\ModbusLib.py", line 104, in ReadModbusData
    ModbusLibcls.regval = ModbusLibcls.instrument.read_registers(0, 7)
                          ^^^^^^^^^^^^^^^^^^^^^^^^^^^^^^^^^^^^^^
AttributeError: 'NoneType' object has no attribute 'read_registers'

2026-01-14 09:19:15 ERROR ReadModbusData(119) ReadModbusData: 'NoneType' object has no attribute 'read_registers'
Traceback (most recent call last):
  File "C:\Users\vchikkay\Desktop\Eejo\Eejo_Shivamogga _V2_AfterEvent_Updated_Py_Updated\Eejo\Lib\ModbusLib.py", line 104, in ReadModbusData
    ModbusLibcls.regval = ModbusLibcls.instrument.read_registers(0, 7)
                          ^^^^^^^^^^^^^^^^^^^^^^^^^^^^^^^^^^^^^^
AttributeError: 'NoneType' object has no attribute 'read_registers'

2026-01-14 09:19:15 ERROR ReadModbusData(119) ReadModbusData: 'NoneType' object has no attribute 'read_registers'
Traceback (most recent call last):
  File "C:\Users\vchikkay\Desktop\Eejo\Eejo_Shivamogga _V2_AfterEvent_Updated_Py_Updated\Eejo\Lib\ModbusLib.py", line 104, in ReadModbusData
    ModbusLibcls.regval = ModbusLibcls.instrument.read_registers(0, 7)
                          ^^^^^^^^^^^^^^^^^^^^^^^^^^^^^^^^^^^^^^
AttributeError: 'NoneType' object has no attribute 'read_registers'

2026-01-14 09:19:15 ERROR ReadModbusData(119) ReadModbusData: 'NoneType' object has no attribute 'read_registers'
Traceback (most recent call last):
  File "C:\Users\vchikkay\Desktop\Eejo\Eejo_Shivamogga _V2_AfterEvent_Updated_Py_Updated\Eejo\Lib\ModbusLib.py", line 104, in ReadModbusData
    ModbusLibcls.regval = ModbusLibcls.instrument.read_registers(0, 7)
                          ^^^^^^^^^^^^^^^^^^^^^^^^^^^^^^^^^^^^^^
AttributeError: 'NoneType' object has no attribute 'read_registers'

2026-01-14 09:19:15 ERROR ReadModbusData(119) ReadModbusData: 'NoneType' object has no attribute 'read_registers'
Traceback (most recent call last):
  File "C:\Users\vchikkay\Desktop\Eejo\Eejo_Shivamogga _V2_AfterEvent_Updated_Py_Updated\Eejo\Lib\ModbusLib.py", line 104, in ReadModbusData
    ModbusLibcls.regval = ModbusLibcls.instrument.read_registers(0, 7)
                          ^^^^^^^^^^^^^^^^^^^^^^^^^^^^^^^^^^^^^^
AttributeError: 'NoneType' object has no attribute 'read_registers'

2026-01-14 09:19:15 ERROR ReadModbusData(119) ReadModbusData: 'NoneType' object has no attribute 'read_registers'
Traceback (most recent call last):
  File "C:\Users\vchikkay\Desktop\Eejo\Eejo_Shivamogga _V2_AfterEvent_Updated_Py_Updated\Eejo\Lib\ModbusLib.py", line 104, in ReadModbusData
    ModbusLibcls.regval = ModbusLibcls.instrument.read_registers(0, 7)
                          ^^^^^^^^^^^^^^^^^^^^^^^^^^^^^^^^^^^^^^
AttributeError: 'NoneType' object has no attribute 'read_registers'

2026-01-14 09:19:15 ERROR ReadModbusData(119) ReadModbusData: 'NoneType' object has no attribute 'read_registers'
Traceback (most recent call last):
  File "C:\Users\vchikkay\Desktop\Eejo\Eejo_Shivamogga _V2_AfterEvent_Updated_Py_Updated\Eejo\Lib\ModbusLib.py", line 104, in ReadModbusData
    ModbusLibcls.regval = ModbusLibcls.instrument.read_registers(0, 7)
                          ^^^^^^^^^^^^^^^^^^^^^^^^^^^^^^^^^^^^^^
AttributeError: 'NoneType' object has no attribute 'read_registers'

2026-01-14 09:19:16 ERROR ReadModbusData(119) ReadModbusData: 'NoneType' object has no attribute 'read_registers'
Traceback (most recent call last):
  File "C:\Users\vchikkay\Desktop\Eejo\Eejo_Shivamogga _V2_AfterEvent_Updated_Py_Updated\Eejo\Lib\ModbusLib.py", line 104, in ReadModbusData
    ModbusLibcls.regval = ModbusLibcls.instrument.read_registers(0, 7)
                          ^^^^^^^^^^^^^^^^^^^^^^^^^^^^^^^^^^^^^^
AttributeError: 'NoneType' object has no attribute 'read_registers'

2026-01-14 09:19:16 ERROR ReadModbusData(119) ReadModbusData: 'NoneType' object has no attribute 'read_registers'
Traceback (most recent call last):
  File "C:\Users\vchikkay\Desktop\Eejo\Eejo_Shivamogga _V2_AfterEvent_Updated_Py_Updated\Eejo\Lib\ModbusLib.py", line 104, in ReadModbusData
    ModbusLibcls.regval = ModbusLibcls.instrument.read_registers(0, 7)
                          ^^^^^^^^^^^^^^^^^^^^^^^^^^^^^^^^^^^^^^
AttributeError: 'NoneType' object has no attribute 'read_registers'

2026-01-14 09:19:16 ERROR ReadModbusData(119) ReadModbusData: 'NoneType' object has no attribute 'read_registers'
Traceback (most recent call last):
  File "C:\Users\vchikkay\Desktop\Eejo\Eejo_Shivamogga _V2_AfterEvent_Updated_Py_Updated\Eejo\Lib\ModbusLib.py", line 104, in ReadModbusData
    ModbusLibcls.regval = ModbusLibcls.instrument.read_registers(0, 7)
                          ^^^^^^^^^^^^^^^^^^^^^^^^^^^^^^^^^^^^^^
AttributeError: 'NoneType' object has no attribute 'read_registers'

2026-01-14 09:19:16 ERROR ReadModbusData(119) ReadModbusData: 'NoneType' object has no attribute 'read_registers'
Traceback (most recent call last):
  File "C:\Users\vchikkay\Desktop\Eejo\Eejo_Shivamogga _V2_AfterEvent_Updated_Py_Updated\Eejo\Lib\ModbusLib.py", line 104, in ReadModbusData
    ModbusLibcls.regval = ModbusLibcls.instrument.read_registers(0, 7)
                          ^^^^^^^^^^^^^^^^^^^^^^^^^^^^^^^^^^^^^^
AttributeError: 'NoneType' object has no attribute 'read_registers'

2026-01-14 09:19:16 ERROR ReadModbusData(119) ReadModbusData: 'NoneType' object has no attribute 'read_registers'
Traceback (most recent call last):
  File "C:\Users\vchikkay\Desktop\Eejo\Eejo_Shivamogga _V2_AfterEvent_Updated_Py_Updated\Eejo\Lib\ModbusLib.py", line 104, in ReadModbusData
    ModbusLibcls.regval = ModbusLibcls.instrument.read_registers(0, 7)
                          ^^^^^^^^^^^^^^^^^^^^^^^^^^^^^^^^^^^^^^
AttributeError: 'NoneType' object has no attribute 'read_registers'

2026-01-14 09:19:16 ERROR ReadModbusData(119) ReadModbusData: 'NoneType' object has no attribute 'read_registers'
Traceback (most recent call last):
  File "C:\Users\vchikkay\Desktop\Eejo\Eejo_Shivamogga _V2_AfterEvent_Updated_Py_Updated\Eejo\Lib\ModbusLib.py", line 104, in ReadModbusData
    ModbusLibcls.regval = ModbusLibcls.instrument.read_registers(0, 7)
                          ^^^^^^^^^^^^^^^^^^^^^^^^^^^^^^^^^^^^^^
AttributeError: 'NoneType' object has no attribute 'read_registers'

2026-01-14 09:19:16 ERROR ReadModbusData(119) ReadModbusData: 'NoneType' object has no attribute 'read_registers'
Traceback (most recent call last):
  File "C:\Users\vchikkay\Desktop\Eejo\Eejo_Shivamogga _V2_AfterEvent_Updated_Py_Updated\Eejo\Lib\ModbusLib.py", line 104, in ReadModbusData
    ModbusLibcls.regval = ModbusLibcls.instrument.read_registers(0, 7)
                          ^^^^^^^^^^^^^^^^^^^^^^^^^^^^^^^^^^^^^^
AttributeError: 'NoneType' object has no attribute 'read_registers'

2026-01-14 09:19:16 ERROR ReadModbusData(119) ReadModbusData: 'NoneType' object has no attribute 'read_registers'
Traceback (most recent call last):
  File "C:\Users\vchikkay\Desktop\Eejo\Eejo_Shivamogga _V2_AfterEvent_Updated_Py_Updated\Eejo\Lib\ModbusLib.py", line 104, in ReadModbusData
    ModbusLibcls.regval = ModbusLibcls.instrument.read_registers(0, 7)
                          ^^^^^^^^^^^^^^^^^^^^^^^^^^^^^^^^^^^^^^
AttributeError: 'NoneType' object has no attribute 'read_registers'

2026-01-14 09:19:16 ERROR ReadModbusData(119) ReadModbusData: 'NoneType' object has no attribute 'read_registers'
Traceback (most recent call last):
  File "C:\Users\vchikkay\Desktop\Eejo\Eejo_Shivamogga _V2_AfterEvent_Updated_Py_Updated\Eejo\Lib\ModbusLib.py", line 104, in ReadModbusData
    ModbusLibcls.regval = ModbusLibcls.instrument.read_registers(0, 7)
                          ^^^^^^^^^^^^^^^^^^^^^^^^^^^^^^^^^^^^^^
AttributeError: 'NoneType' object has no attribute 'read_registers'

2026-01-14 09:19:16 ERROR ReadModbusData(119) ReadModbusData: 'NoneType' object has no attribute 'read_registers'
Traceback (most recent call last):
  File "C:\Users\vchikkay\Desktop\Eejo\Eejo_Shivamogga _V2_AfterEvent_Updated_Py_Updated\Eejo\Lib\ModbusLib.py", line 104, in ReadModbusData
    ModbusLibcls.regval = ModbusLibcls.instrument.read_registers(0, 7)
                          ^^^^^^^^^^^^^^^^^^^^^^^^^^^^^^^^^^^^^^
AttributeError: 'NoneType' object has no attribute 'read_registers'

2026-01-14 09:19:16 ERROR ReadModbusData(119) ReadModbusData: 'NoneType' object has no attribute 'read_registers'
Traceback (most recent call last):
  File "C:\Users\vchikkay\Desktop\Eejo\Eejo_Shivamogga _V2_AfterEvent_Updated_Py_Updated\Eejo\Lib\ModbusLib.py", line 104, in ReadModbusData
    ModbusLibcls.regval = ModbusLibcls.instrument.read_registers(0, 7)
                          ^^^^^^^^^^^^^^^^^^^^^^^^^^^^^^^^^^^^^^
AttributeError: 'NoneType' object has no attribute 'read_registers'

2026-01-14 09:19:16 ERROR ReadModbusData(119) ReadModbusData: 'NoneType' object has no attribute 'read_registers'
Traceback (most recent call last):
  File "C:\Users\vchikkay\Desktop\Eejo\Eejo_Shivamogga _V2_AfterEvent_Updated_Py_Updated\Eejo\Lib\ModbusLib.py", line 104, in ReadModbusData
    ModbusLibcls.regval = ModbusLibcls.instrument.read_registers(0, 7)
                          ^^^^^^^^^^^^^^^^^^^^^^^^^^^^^^^^^^^^^^
AttributeError: 'NoneType' object has no attribute 'read_registers'

2026-01-14 09:19:16 ERROR ReadModbusData(119) ReadModbusData: 'NoneType' object has no attribute 'read_registers'
Traceback (most recent call last):
  File "C:\Users\vchikkay\Desktop\Eejo\Eejo_Shivamogga _V2_AfterEvent_Updated_Py_Updated\Eejo\Lib\ModbusLib.py", line 104, in ReadModbusData
    ModbusLibcls.regval = ModbusLibcls.instrument.read_registers(0, 7)
                          ^^^^^^^^^^^^^^^^^^^^^^^^^^^^^^^^^^^^^^
AttributeError: 'NoneType' object has no attribute 'read_registers'

2026-01-14 09:19:16 ERROR ReadModbusData(119) ReadModbusData: 'NoneType' object has no attribute 'read_registers'
Traceback (most recent call last):
  File "C:\Users\vchikkay\Desktop\Eejo\Eejo_Shivamogga _V2_AfterEvent_Updated_Py_Updated\Eejo\Lib\ModbusLib.py", line 104, in ReadModbusData
    ModbusLibcls.regval = ModbusLibcls.instrument.read_registers(0, 7)
                          ^^^^^^^^^^^^^^^^^^^^^^^^^^^^^^^^^^^^^^
AttributeError: 'NoneType' object has no attribute 'read_registers'

2026-01-14 09:19:16 ERROR ReadModbusData(119) ReadModbusData: 'NoneType' object has no attribute 'read_registers'
Traceback (most recent call last):
  File "C:\Users\vchikkay\Desktop\Eejo\Eejo_Shivamogga _V2_AfterEvent_Updated_Py_Updated\Eejo\Lib\ModbusLib.py", line 104, in ReadModbusData
    ModbusLibcls.regval = ModbusLibcls.instrument.read_registers(0, 7)
                          ^^^^^^^^^^^^^^^^^^^^^^^^^^^^^^^^^^^^^^
AttributeError: 'NoneType' object has no attribute 'read_registers'

2026-01-14 09:19:16 ERROR ReadModbusData(119) ReadModbusData: 'NoneType' object has no attribute 'read_registers'
Traceback (most recent call last):
  File "C:\Users\vchikkay\Desktop\Eejo\Eejo_Shivamogga _V2_AfterEvent_Updated_Py_Updated\Eejo\Lib\ModbusLib.py", line 104, in ReadModbusData
    ModbusLibcls.regval = ModbusLibcls.instrument.read_registers(0, 7)
                          ^^^^^^^^^^^^^^^^^^^^^^^^^^^^^^^^^^^^^^
AttributeError: 'NoneType' object has no attribute 'read_registers'

2026-01-14 09:19:17 ERROR ReadModbusData(119) ReadModbusData: 'NoneType' object has no attribute 'read_registers'
Traceback (most recent call last):
  File "C:\Users\vchikkay\Desktop\Eejo\Eejo_Shivamogga _V2_AfterEvent_Updated_Py_Updated\Eejo\Lib\ModbusLib.py", line 104, in ReadModbusData
    ModbusLibcls.regval = ModbusLibcls.instrument.read_registers(0, 7)
                          ^^^^^^^^^^^^^^^^^^^^^^^^^^^^^^^^^^^^^^
AttributeError: 'NoneType' object has no attribute 'read_registers'

2026-01-14 09:19:17 ERROR ReadModbusData(119) ReadModbusData: 'NoneType' object has no attribute 'read_registers'
Traceback (most recent call last):
  File "C:\Users\vchikkay\Desktop\Eejo\Eejo_Shivamogga _V2_AfterEvent_Updated_Py_Updated\Eejo\Lib\ModbusLib.py", line 104, in ReadModbusData
    ModbusLibcls.regval = ModbusLibcls.instrument.read_registers(0, 7)
                          ^^^^^^^^^^^^^^^^^^^^^^^^^^^^^^^^^^^^^^
AttributeError: 'NoneType' object has no attribute 'read_registers'

2026-01-14 09:19:17 ERROR ReadModbusData(119) ReadModbusData: 'NoneType' object has no attribute 'read_registers'
Traceback (most recent call last):
  File "C:\Users\vchikkay\Desktop\Eejo\Eejo_Shivamogga _V2_AfterEvent_Updated_Py_Updated\Eejo\Lib\ModbusLib.py", line 104, in ReadModbusData
    ModbusLibcls.regval = ModbusLibcls.instrument.read_registers(0, 7)
                          ^^^^^^^^^^^^^^^^^^^^^^^^^^^^^^^^^^^^^^
AttributeError: 'NoneType' object has no attribute 'read_registers'

2026-01-14 09:19:17 ERROR ReadModbusData(119) ReadModbusData: 'NoneType' object has no attribute 'read_registers'
Traceback (most recent call last):
  File "C:\Users\vchikkay\Desktop\Eejo\Eejo_Shivamogga _V2_AfterEvent_Updated_Py_Updated\Eejo\Lib\ModbusLib.py", line 104, in ReadModbusData
    ModbusLibcls.regval = ModbusLibcls.instrument.read_registers(0, 7)
                          ^^^^^^^^^^^^^^^^^^^^^^^^^^^^^^^^^^^^^^
AttributeError: 'NoneType' object has no attribute 'read_registers'

2026-01-14 09:19:17 ERROR ReadModbusData(119) ReadModbusData: 'NoneType' object has no attribute 'read_registers'
Traceback (most recent call last):
  File "C:\Users\vchikkay\Desktop\Eejo\Eejo_Shivamogga _V2_AfterEvent_Updated_Py_Updated\Eejo\Lib\ModbusLib.py", line 104, in ReadModbusData
    ModbusLibcls.regval = ModbusLibcls.instrument.read_registers(0, 7)
                          ^^^^^^^^^^^^^^^^^^^^^^^^^^^^^^^^^^^^^^
AttributeError: 'NoneType' object has no attribute 'read_registers'

2026-01-14 09:19:17 ERROR ReadModbusData(119) ReadModbusData: 'NoneType' object has no attribute 'read_registers'
Traceback (most recent call last):
  File "C:\Users\vchikkay\Desktop\Eejo\Eejo_Shivamogga _V2_AfterEvent_Updated_Py_Updated\Eejo\Lib\ModbusLib.py", line 104, in ReadModbusData
    ModbusLibcls.regval = ModbusLibcls.instrument.read_registers(0, 7)
                          ^^^^^^^^^^^^^^^^^^^^^^^^^^^^^^^^^^^^^^
AttributeError: 'NoneType' object has no attribute 'read_registers'

2026-01-14 09:19:17 ERROR ReadModbusData(119) ReadModbusData: 'NoneType' object has no attribute 'read_registers'
Traceback (most recent call last):
  File "C:\Users\vchikkay\Desktop\Eejo\Eejo_Shivamogga _V2_AfterEvent_Updated_Py_Updated\Eejo\Lib\ModbusLib.py", line 104, in ReadModbusData
    ModbusLibcls.regval = ModbusLibcls.instrument.read_registers(0, 7)
                          ^^^^^^^^^^^^^^^^^^^^^^^^^^^^^^^^^^^^^^
AttributeError: 'NoneType' object has no attribute 'read_registers'

2026-01-14 09:19:17 ERROR ReadModbusData(119) ReadModbusData: 'NoneType' object has no attribute 'read_registers'
Traceback (most recent call last):
  File "C:\Users\vchikkay\Desktop\Eejo\Eejo_Shivamogga _V2_AfterEvent_Updated_Py_Updated\Eejo\Lib\ModbusLib.py", line 104, in ReadModbusData
    ModbusLibcls.regval = ModbusLibcls.instrument.read_registers(0, 7)
                          ^^^^^^^^^^^^^^^^^^^^^^^^^^^^^^^^^^^^^^
AttributeError: 'NoneType' object has no attribute 'read_registers'

2026-01-14 09:19:17 ERROR ReadModbusData(119) ReadModbusData: 'NoneType' object has no attribute 'read_registers'
Traceback (most recent call last):
  File "C:\Users\vchikkay\Desktop\Eejo\Eejo_Shivamogga _V2_AfterEvent_Updated_Py_Updated\Eejo\Lib\ModbusLib.py", line 104, in ReadModbusData
    ModbusLibcls.regval = ModbusLibcls.instrument.read_registers(0, 7)
                          ^^^^^^^^^^^^^^^^^^^^^^^^^^^^^^^^^^^^^^
AttributeError: 'NoneType' object has no attribute 'read_registers'

2026-01-14 09:19:17 ERROR ReadModbusData(119) ReadModbusData: 'NoneType' object has no attribute 'read_registers'
Traceback (most recent call last):
  File "C:\Users\vchikkay\Desktop\Eejo\Eejo_Shivamogga _V2_AfterEvent_Updated_Py_Updated\Eejo\Lib\ModbusLib.py", line 104, in ReadModbusData
    ModbusLibcls.regval = ModbusLibcls.instrument.read_registers(0, 7)
                          ^^^^^^^^^^^^^^^^^^^^^^^^^^^^^^^^^^^^^^
AttributeError: 'NoneType' object has no attribute 'read_registers'

2026-01-14 09:19:17 ERROR ReadModbusData(119) ReadModbusData: 'NoneType' object has no attribute 'read_registers'
Traceback (most recent call last):
  File "C:\Users\vchikkay\Desktop\Eejo\Eejo_Shivamogga _V2_AfterEvent_Updated_Py_Updated\Eejo\Lib\ModbusLib.py", line 104, in ReadModbusData
    ModbusLibcls.regval = ModbusLibcls.instrument.read_registers(0, 7)
                          ^^^^^^^^^^^^^^^^^^^^^^^^^^^^^^^^^^^^^^
AttributeError: 'NoneType' object has no attribute 'read_registers'

2026-01-14 09:19:17 ERROR ReadModbusData(119) ReadModbusData: 'NoneType' object has no attribute 'read_registers'
Traceback (most recent call last):
  File "C:\Users\vchikkay\Desktop\Eejo\Eejo_Shivamogga _V2_AfterEvent_Updated_Py_Updated\Eejo\Lib\ModbusLib.py", line 104, in ReadModbusData
    ModbusLibcls.regval = ModbusLibcls.instrument.read_registers(0, 7)
                          ^^^^^^^^^^^^^^^^^^^^^^^^^^^^^^^^^^^^^^
AttributeError: 'NoneType' object has no attribute 'read_registers'

2026-01-14 09:19:17 ERROR ReadModbusData(119) ReadModbusData: 'NoneType' object has no attribute 'read_registers'
Traceback (most recent call last):
  File "C:\Users\vchikkay\Desktop\Eejo\Eejo_Shivamogga _V2_AfterEvent_Updated_Py_Updated\Eejo\Lib\ModbusLib.py", line 104, in ReadModbusData
    ModbusLibcls.regval = ModbusLibcls.instrument.read_registers(0, 7)
                          ^^^^^^^^^^^^^^^^^^^^^^^^^^^^^^^^^^^^^^
AttributeError: 'NoneType' object has no attribute 'read_registers'

2026-01-14 09:19:17 ERROR ReadModbusData(119) ReadModbusData: 'NoneType' object has no attribute 'read_registers'
Traceback (most recent call last):
  File "C:\Users\vchikkay\Desktop\Eejo\Eejo_Shivamogga _V2_AfterEvent_Updated_Py_Updated\Eejo\Lib\ModbusLib.py", line 104, in ReadModbusData
    ModbusLibcls.regval = ModbusLibcls.instrument.read_registers(0, 7)
                          ^^^^^^^^^^^^^^^^^^^^^^^^^^^^^^^^^^^^^^
AttributeError: 'NoneType' object has no attribute 'read_registers'

2026-01-14 09:19:17 ERROR ReadModbusData(119) ReadModbusData: 'NoneType' object has no attribute 'read_registers'
Traceback (most recent call last):
  File "C:\Users\vchikkay\Desktop\Eejo\Eejo_Shivamogga _V2_AfterEvent_Updated_Py_Updated\Eejo\Lib\ModbusLib.py", line 104, in ReadModbusData
    ModbusLibcls.regval = ModbusLibcls.instrument.read_registers(0, 7)
                          ^^^^^^^^^^^^^^^^^^^^^^^^^^^^^^^^^^^^^^
AttributeError: 'NoneType' object has no attribute 'read_registers'

2026-01-14 09:19:17 ERROR ReadModbusData(119) ReadModbusData: 'NoneType' object has no attribute 'read_registers'
Traceback (most recent call last):
  File "C:\Users\vchikkay\Desktop\Eejo\Eejo_Shivamogga _V2_AfterEvent_Updated_Py_Updated\Eejo\Lib\ModbusLib.py", line 104, in ReadModbusData
    ModbusLibcls.regval = ModbusLibcls.instrument.read_registers(0, 7)
                          ^^^^^^^^^^^^^^^^^^^^^^^^^^^^^^^^^^^^^^
AttributeError: 'NoneType' object has no attribute 'read_registers'

2026-01-14 09:19:18 ERROR ReadModbusData(119) ReadModbusData: 'NoneType' object has no attribute 'read_registers'
Traceback (most recent call last):
  File "C:\Users\vchikkay\Desktop\Eejo\Eejo_Shivamogga _V2_AfterEvent_Updated_Py_Updated\Eejo\Lib\ModbusLib.py", line 104, in ReadModbusData
    ModbusLibcls.regval = ModbusLibcls.instrument.read_registers(0, 7)
                          ^^^^^^^^^^^^^^^^^^^^^^^^^^^^^^^^^^^^^^
AttributeError: 'NoneType' object has no attribute 'read_registers'

2026-01-14 09:19:18 ERROR ReadModbusData(119) ReadModbusData: 'NoneType' object has no attribute 'read_registers'
Traceback (most recent call last):
  File "C:\Users\vchikkay\Desktop\Eejo\Eejo_Shivamogga _V2_AfterEvent_Updated_Py_Updated\Eejo\Lib\ModbusLib.py", line 104, in ReadModbusData
    ModbusLibcls.regval = ModbusLibcls.instrument.read_registers(0, 7)
                          ^^^^^^^^^^^^^^^^^^^^^^^^^^^^^^^^^^^^^^
AttributeError: 'NoneType' object has no attribute 'read_registers'

2026-01-14 09:19:18 ERROR ReadModbusData(119) ReadModbusData: 'NoneType' object has no attribute 'read_registers'
Traceback (most recent call last):
  File "C:\Users\vchikkay\Desktop\Eejo\Eejo_Shivamogga _V2_AfterEvent_Updated_Py_Updated\Eejo\Lib\ModbusLib.py", line 104, in ReadModbusData
    ModbusLibcls.regval = ModbusLibcls.instrument.read_registers(0, 7)
                          ^^^^^^^^^^^^^^^^^^^^^^^^^^^^^^^^^^^^^^
AttributeError: 'NoneType' object has no attribute 'read_registers'

2026-01-14 09:19:18 ERROR ReadModbusData(119) ReadModbusData: 'NoneType' object has no attribute 'read_registers'
Traceback (most recent call last):
  File "C:\Users\vchikkay\Desktop\Eejo\Eejo_Shivamogga _V2_AfterEvent_Updated_Py_Updated\Eejo\Lib\ModbusLib.py", line 104, in ReadModbusData
    ModbusLibcls.regval = ModbusLibcls.instrument.read_registers(0, 7)
                          ^^^^^^^^^^^^^^^^^^^^^^^^^^^^^^^^^^^^^^
AttributeError: 'NoneType' object has no attribute 'read_registers'

2026-01-14 09:19:18 ERROR ReadModbusData(119) ReadModbusData: 'NoneType' object has no attribute 'read_registers'
Traceback (most recent call last):
  File "C:\Users\vchikkay\Desktop\Eejo\Eejo_Shivamogga _V2_AfterEvent_Updated_Py_Updated\Eejo\Lib\ModbusLib.py", line 104, in ReadModbusData
    ModbusLibcls.regval = ModbusLibcls.instrument.read_registers(0, 7)
                          ^^^^^^^^^^^^^^^^^^^^^^^^^^^^^^^^^^^^^^
AttributeError: 'NoneType' object has no attribute 'read_registers'

2026-01-14 09:19:18 ERROR ReadModbusData(119) ReadModbusData: 'NoneType' object has no attribute 'read_registers'
Traceback (most recent call last):
  File "C:\Users\vchikkay\Desktop\Eejo\Eejo_Shivamogga _V2_AfterEvent_Updated_Py_Updated\Eejo\Lib\ModbusLib.py", line 104, in ReadModbusData
    ModbusLibcls.regval = ModbusLibcls.instrument.read_registers(0, 7)
                          ^^^^^^^^^^^^^^^^^^^^^^^^^^^^^^^^^^^^^^
AttributeError: 'NoneType' object has no attribute 'read_registers'

2026-01-14 09:19:18 ERROR ReadModbusData(119) ReadModbusData: 'NoneType' object has no attribute 'read_registers'
Traceback (most recent call last):
  File "C:\Users\vchikkay\Desktop\Eejo\Eejo_Shivamogga _V2_AfterEvent_Updated_Py_Updated\Eejo\Lib\ModbusLib.py", line 104, in ReadModbusData
    ModbusLibcls.regval = ModbusLibcls.instrument.read_registers(0, 7)
                          ^^^^^^^^^^^^^^^^^^^^^^^^^^^^^^^^^^^^^^
AttributeError: 'NoneType' object has no attribute 'read_registers'

2026-01-14 09:19:18 ERROR ReadModbusData(119) ReadModbusData: 'NoneType' object has no attribute 'read_registers'
Traceback (most recent call last):
  File "C:\Users\vchikkay\Desktop\Eejo\Eejo_Shivamogga _V2_AfterEvent_Updated_Py_Updated\Eejo\Lib\ModbusLib.py", line 104, in ReadModbusData
    ModbusLibcls.regval = ModbusLibcls.instrument.read_registers(0, 7)
                          ^^^^^^^^^^^^^^^^^^^^^^^^^^^^^^^^^^^^^^
AttributeError: 'NoneType' object has no attribute 'read_registers'

2026-01-14 09:19:18 ERROR ReadModbusData(119) ReadModbusData: 'NoneType' object has no attribute 'read_registers'
Traceback (most recent call last):
  File "C:\Users\vchikkay\Desktop\Eejo\Eejo_Shivamogga _V2_AfterEvent_Updated_Py_Updated\Eejo\Lib\ModbusLib.py", line 104, in ReadModbusData
    ModbusLibcls.regval = ModbusLibcls.instrument.read_registers(0, 7)
                          ^^^^^^^^^^^^^^^^^^^^^^^^^^^^^^^^^^^^^^
AttributeError: 'NoneType' object has no attribute 'read_registers'

2026-01-14 09:19:18 ERROR ReadModbusData(119) ReadModbusData: 'NoneType' object has no attribute 'read_registers'
Traceback (most recent call last):
  File "C:\Users\vchikkay\Desktop\Eejo\Eejo_Shivamogga _V2_AfterEvent_Updated_Py_Updated\Eejo\Lib\ModbusLib.py", line 104, in ReadModbusData
    ModbusLibcls.regval = ModbusLibcls.instrument.read_registers(0, 7)
                          ^^^^^^^^^^^^^^^^^^^^^^^^^^^^^^^^^^^^^^
AttributeError: 'NoneType' object has no attribute 'read_registers'

2026-01-14 09:19:18 ERROR ReadModbusData(119) ReadModbusData: 'NoneType' object has no attribute 'read_registers'
Traceback (most recent call last):
  File "C:\Users\vchikkay\Desktop\Eejo\Eejo_Shivamogga _V2_AfterEvent_Updated_Py_Updated\Eejo\Lib\ModbusLib.py", line 104, in ReadModbusData
    ModbusLibcls.regval = ModbusLibcls.instrument.read_registers(0, 7)
                          ^^^^^^^^^^^^^^^^^^^^^^^^^^^^^^^^^^^^^^
AttributeError: 'NoneType' object has no attribute 'read_registers'

2026-01-14 09:19:18 ERROR ReadModbusData(119) ReadModbusData: 'NoneType' object has no attribute 'read_registers'
Traceback (most recent call last):
  File "C:\Users\vchikkay\Desktop\Eejo\Eejo_Shivamogga _V2_AfterEvent_Updated_Py_Updated\Eejo\Lib\ModbusLib.py", line 104, in ReadModbusData
    ModbusLibcls.regval = ModbusLibcls.instrument.read_registers(0, 7)
                          ^^^^^^^^^^^^^^^^^^^^^^^^^^^^^^^^^^^^^^
AttributeError: 'NoneType' object has no attribute 'read_registers'

2026-01-14 09:19:18 ERROR ReadModbusData(119) ReadModbusData: 'NoneType' object has no attribute 'read_registers'
Traceback (most recent call last):
  File "C:\Users\vchikkay\Desktop\Eejo\Eejo_Shivamogga _V2_AfterEvent_Updated_Py_Updated\Eejo\Lib\ModbusLib.py", line 104, in ReadModbusData
    ModbusLibcls.regval = ModbusLibcls.instrument.read_registers(0, 7)
                          ^^^^^^^^^^^^^^^^^^^^^^^^^^^^^^^^^^^^^^
AttributeError: 'NoneType' object has no attribute 'read_registers'

2026-01-14 09:19:18 ERROR ReadModbusData(119) ReadModbusData: 'NoneType' object has no attribute 'read_registers'
Traceback (most recent call last):
  File "C:\Users\vchikkay\Desktop\Eejo\Eejo_Shivamogga _V2_AfterEvent_Updated_Py_Updated\Eejo\Lib\ModbusLib.py", line 104, in ReadModbusData
    ModbusLibcls.regval = ModbusLibcls.instrument.read_registers(0, 7)
                          ^^^^^^^^^^^^^^^^^^^^^^^^^^^^^^^^^^^^^^
AttributeError: 'NoneType' object has no attribute 'read_registers'

2026-01-14 09:19:18 ERROR ReadModbusData(119) ReadModbusData: 'NoneType' object has no attribute 'read_registers'
Traceback (most recent call last):
  File "C:\Users\vchikkay\Desktop\Eejo\Eejo_Shivamogga _V2_AfterEvent_Updated_Py_Updated\Eejo\Lib\ModbusLib.py", line 104, in ReadModbusData
    ModbusLibcls.regval = ModbusLibcls.instrument.read_registers(0, 7)
                          ^^^^^^^^^^^^^^^^^^^^^^^^^^^^^^^^^^^^^^
AttributeError: 'NoneType' object has no attribute 'read_registers'

2026-01-14 09:19:18 ERROR ReadModbusData(119) ReadModbusData: 'NoneType' object has no attribute 'read_registers'
Traceback (most recent call last):
  File "C:\Users\vchikkay\Desktop\Eejo\Eejo_Shivamogga _V2_AfterEvent_Updated_Py_Updated\Eejo\Lib\ModbusLib.py", line 104, in ReadModbusData
    ModbusLibcls.regval = ModbusLibcls.instrument.read_registers(0, 7)
                          ^^^^^^^^^^^^^^^^^^^^^^^^^^^^^^^^^^^^^^
AttributeError: 'NoneType' object has no attribute 'read_registers'

2026-01-14 09:19:19 ERROR ReadModbusData(119) ReadModbusData: 'NoneType' object has no attribute 'read_registers'
Traceback (most recent call last):
  File "C:\Users\vchikkay\Desktop\Eejo\Eejo_Shivamogga _V2_AfterEvent_Updated_Py_Updated\Eejo\Lib\ModbusLib.py", line 104, in ReadModbusData
    ModbusLibcls.regval = ModbusLibcls.instrument.read_registers(0, 7)
                          ^^^^^^^^^^^^^^^^^^^^^^^^^^^^^^^^^^^^^^
AttributeError: 'NoneType' object has no attribute 'read_registers'

2026-01-14 09:19:19 ERROR ReadModbusData(119) ReadModbusData: 'NoneType' object has no attribute 'read_registers'
Traceback (most recent call last):
  File "C:\Users\vchikkay\Desktop\Eejo\Eejo_Shivamogga _V2_AfterEvent_Updated_Py_Updated\Eejo\Lib\ModbusLib.py", line 104, in ReadModbusData
    ModbusLibcls.regval = ModbusLibcls.instrument.read_registers(0, 7)
                          ^^^^^^^^^^^^^^^^^^^^^^^^^^^^^^^^^^^^^^
AttributeError: 'NoneType' object has no attribute 'read_registers'

2026-01-14 09:19:19 ERROR ReadModbusData(119) ReadModbusData: 'NoneType' object has no attribute 'read_registers'
Traceback (most recent call last):
  File "C:\Users\vchikkay\Desktop\Eejo\Eejo_Shivamogga _V2_AfterEvent_Updated_Py_Updated\Eejo\Lib\ModbusLib.py", line 104, in ReadModbusData
    ModbusLibcls.regval = ModbusLibcls.instrument.read_registers(0, 7)
                          ^^^^^^^^^^^^^^^^^^^^^^^^^^^^^^^^^^^^^^
AttributeError: 'NoneType' object has no attribute 'read_registers'

2026-01-14 09:19:19 ERROR ReadModbusData(119) ReadModbusData: 'NoneType' object has no attribute 'read_registers'
Traceback (most recent call last):
  File "C:\Users\vchikkay\Desktop\Eejo\Eejo_Shivamogga _V2_AfterEvent_Updated_Py_Updated\Eejo\Lib\ModbusLib.py", line 104, in ReadModbusData
    ModbusLibcls.regval = ModbusLibcls.instrument.read_registers(0, 7)
                          ^^^^^^^^^^^^^^^^^^^^^^^^^^^^^^^^^^^^^^
AttributeError: 'NoneType' object has no attribute 'read_registers'

2026-01-14 09:19:19 ERROR ReadModbusData(119) ReadModbusData: 'NoneType' object has no attribute 'read_registers'
Traceback (most recent call last):
  File "C:\Users\vchikkay\Desktop\Eejo\Eejo_Shivamogga _V2_AfterEvent_Updated_Py_Updated\Eejo\Lib\ModbusLib.py", line 104, in ReadModbusData
    ModbusLibcls.regval = ModbusLibcls.instrument.read_registers(0, 7)
                          ^^^^^^^^^^^^^^^^^^^^^^^^^^^^^^^^^^^^^^
AttributeError: 'NoneType' object has no attribute 'read_registers'

2026-01-14 09:19:19 ERROR ReadModbusData(119) ReadModbusData: 'NoneType' object has no attribute 'read_registers'
Traceback (most recent call last):
  File "C:\Users\vchikkay\Desktop\Eejo\Eejo_Shivamogga _V2_AfterEvent_Updated_Py_Updated\Eejo\Lib\ModbusLib.py", line 104, in ReadModbusData
    ModbusLibcls.regval = ModbusLibcls.instrument.read_registers(0, 7)
                          ^^^^^^^^^^^^^^^^^^^^^^^^^^^^^^^^^^^^^^
AttributeError: 'NoneType' object has no attribute 'read_registers'

2026-01-14 09:19:19 ERROR ReadModbusData(119) ReadModbusData: 'NoneType' object has no attribute 'read_registers'
Traceback (most recent call last):
  File "C:\Users\vchikkay\Desktop\Eejo\Eejo_Shivamogga _V2_AfterEvent_Updated_Py_Updated\Eejo\Lib\ModbusLib.py", line 104, in ReadModbusData
    ModbusLibcls.regval = ModbusLibcls.instrument.read_registers(0, 7)
                          ^^^^^^^^^^^^^^^^^^^^^^^^^^^^^^^^^^^^^^
AttributeError: 'NoneType' object has no attribute 'read_registers'

2026-01-14 09:19:19 ERROR ReadModbusData(119) ReadModbusData: 'NoneType' object has no attribute 'read_registers'
Traceback (most recent call last):
  File "C:\Users\vchikkay\Desktop\Eejo\Eejo_Shivamogga _V2_AfterEvent_Updated_Py_Updated\Eejo\Lib\ModbusLib.py", line 104, in ReadModbusData
    ModbusLibcls.regval = ModbusLibcls.instrument.read_registers(0, 7)
                          ^^^^^^^^^^^^^^^^^^^^^^^^^^^^^^^^^^^^^^
AttributeError: 'NoneType' object has no attribute 'read_registers'

2026-01-14 09:19:19 ERROR ReadModbusData(119) ReadModbusData: 'NoneType' object has no attribute 'read_registers'
Traceback (most recent call last):
  File "C:\Users\vchikkay\Desktop\Eejo\Eejo_Shivamogga _V2_AfterEvent_Updated_Py_Updated\Eejo\Lib\ModbusLib.py", line 104, in ReadModbusData
    ModbusLibcls.regval = ModbusLibcls.instrument.read_registers(0, 7)
                          ^^^^^^^^^^^^^^^^^^^^^^^^^^^^^^^^^^^^^^
AttributeError: 'NoneType' object has no attribute 'read_registers'

2026-01-14 09:19:19 ERROR ReadModbusData(119) ReadModbusData: 'NoneType' object has no attribute 'read_registers'
Traceback (most recent call last):
  File "C:\Users\vchikkay\Desktop\Eejo\Eejo_Shivamogga _V2_AfterEvent_Updated_Py_Updated\Eejo\Lib\ModbusLib.py", line 104, in ReadModbusData
    ModbusLibcls.regval = ModbusLibcls.instrument.read_registers(0, 7)
                          ^^^^^^^^^^^^^^^^^^^^^^^^^^^^^^^^^^^^^^
AttributeError: 'NoneType' object has no attribute 'read_registers'

2026-01-14 09:19:19 ERROR ReadModbusData(119) ReadModbusData: 'NoneType' object has no attribute 'read_registers'
Traceback (most recent call last):
  File "C:\Users\vchikkay\Desktop\Eejo\Eejo_Shivamogga _V2_AfterEvent_Updated_Py_Updated\Eejo\Lib\ModbusLib.py", line 104, in ReadModbusData
    ModbusLibcls.regval = ModbusLibcls.instrument.read_registers(0, 7)
                          ^^^^^^^^^^^^^^^^^^^^^^^^^^^^^^^^^^^^^^
AttributeError: 'NoneType' object has no attribute 'read_registers'

2026-01-14 09:19:19 ERROR ReadModbusData(119) ReadModbusData: 'NoneType' object has no attribute 'read_registers'
Traceback (most recent call last):
  File "C:\Users\vchikkay\Desktop\Eejo\Eejo_Shivamogga _V2_AfterEvent_Updated_Py_Updated\Eejo\Lib\ModbusLib.py", line 104, in ReadModbusData
    ModbusLibcls.regval = ModbusLibcls.instrument.read_registers(0, 7)
                          ^^^^^^^^^^^^^^^^^^^^^^^^^^^^^^^^^^^^^^
AttributeError: 'NoneType' object has no attribute 'read_registers'

2026-01-14 09:19:19 ERROR ReadModbusData(119) ReadModbusData: 'NoneType' object has no attribute 'read_registers'
Traceback (most recent call last):
  File "C:\Users\vchikkay\Desktop\Eejo\Eejo_Shivamogga _V2_AfterEvent_Updated_Py_Updated\Eejo\Lib\ModbusLib.py", line 104, in ReadModbusData
    ModbusLibcls.regval = ModbusLibcls.instrument.read_registers(0, 7)
                          ^^^^^^^^^^^^^^^^^^^^^^^^^^^^^^^^^^^^^^
AttributeError: 'NoneType' object has no attribute 'read_registers'

2026-01-14 09:19:19 ERROR ReadModbusData(119) ReadModbusData: 'NoneType' object has no attribute 'read_registers'
Traceback (most recent call last):
  File "C:\Users\vchikkay\Desktop\Eejo\Eejo_Shivamogga _V2_AfterEvent_Updated_Py_Updated\Eejo\Lib\ModbusLib.py", line 104, in ReadModbusData
    ModbusLibcls.regval = ModbusLibcls.instrument.read_registers(0, 7)
                          ^^^^^^^^^^^^^^^^^^^^^^^^^^^^^^^^^^^^^^
AttributeError: 'NoneType' object has no attribute 'read_registers'

2026-01-14 09:19:19 ERROR ReadModbusData(119) ReadModbusData: 'NoneType' object has no attribute 'read_registers'
Traceback (most recent call last):
  File "C:\Users\vchikkay\Desktop\Eejo\Eejo_Shivamogga _V2_AfterEvent_Updated_Py_Updated\Eejo\Lib\ModbusLib.py", line 104, in ReadModbusData
    ModbusLibcls.regval = ModbusLibcls.instrument.read_registers(0, 7)
                          ^^^^^^^^^^^^^^^^^^^^^^^^^^^^^^^^^^^^^^
AttributeError: 'NoneType' object has no attribute 'read_registers'

2026-01-14 09:19:19 ERROR ReadModbusData(119) ReadModbusData: 'NoneType' object has no attribute 'read_registers'
Traceback (most recent call last):
  File "C:\Users\vchikkay\Desktop\Eejo\Eejo_Shivamogga _V2_AfterEvent_Updated_Py_Updated\Eejo\Lib\ModbusLib.py", line 104, in ReadModbusData
    ModbusLibcls.regval = ModbusLibcls.instrument.read_registers(0, 7)
                          ^^^^^^^^^^^^^^^^^^^^^^^^^^^^^^^^^^^^^^
AttributeError: 'NoneType' object has no attribute 'read_registers'

2026-01-14 09:19:20 ERROR ReadModbusData(119) ReadModbusData: 'NoneType' object has no attribute 'read_registers'
Traceback (most recent call last):
  File "C:\Users\vchikkay\Desktop\Eejo\Eejo_Shivamogga _V2_AfterEvent_Updated_Py_Updated\Eejo\Lib\ModbusLib.py", line 104, in ReadModbusData
    ModbusLibcls.regval = ModbusLibcls.instrument.read_registers(0, 7)
                          ^^^^^^^^^^^^^^^^^^^^^^^^^^^^^^^^^^^^^^
AttributeError: 'NoneType' object has no attribute 'read_registers'

2026-01-14 09:19:20 ERROR ReadModbusData(119) ReadModbusData: 'NoneType' object has no attribute 'read_registers'
Traceback (most recent call last):
  File "C:\Users\vchikkay\Desktop\Eejo\Eejo_Shivamogga _V2_AfterEvent_Updated_Py_Updated\Eejo\Lib\ModbusLib.py", line 104, in ReadModbusData
    ModbusLibcls.regval = ModbusLibcls.instrument.read_registers(0, 7)
                          ^^^^^^^^^^^^^^^^^^^^^^^^^^^^^^^^^^^^^^
AttributeError: 'NoneType' object has no attribute 'read_registers'

2026-01-14 09:19:20 ERROR ReadModbusData(119) ReadModbusData: 'NoneType' object has no attribute 'read_registers'
Traceback (most recent call last):
  File "C:\Users\vchikkay\Desktop\Eejo\Eejo_Shivamogga _V2_AfterEvent_Updated_Py_Updated\Eejo\Lib\ModbusLib.py", line 104, in ReadModbusData
    ModbusLibcls.regval = ModbusLibcls.instrument.read_registers(0, 7)
                          ^^^^^^^^^^^^^^^^^^^^^^^^^^^^^^^^^^^^^^
AttributeError: 'NoneType' object has no attribute 'read_registers'

2026-01-14 09:19:20 ERROR ReadModbusData(119) ReadModbusData: 'NoneType' object has no attribute 'read_registers'
Traceback (most recent call last):
  File "C:\Users\vchikkay\Desktop\Eejo\Eejo_Shivamogga _V2_AfterEvent_Updated_Py_Updated\Eejo\Lib\ModbusLib.py", line 104, in ReadModbusData
    ModbusLibcls.regval = ModbusLibcls.instrument.read_registers(0, 7)
                          ^^^^^^^^^^^^^^^^^^^^^^^^^^^^^^^^^^^^^^
AttributeError: 'NoneType' object has no attribute 'read_registers'

2026-01-14 09:19:20 ERROR ReadModbusData(119) ReadModbusData: 'NoneType' object has no attribute 'read_registers'
Traceback (most recent call last):
  File "C:\Users\vchikkay\Desktop\Eejo\Eejo_Shivamogga _V2_AfterEvent_Updated_Py_Updated\Eejo\Lib\ModbusLib.py", line 104, in ReadModbusData
    ModbusLibcls.regval = ModbusLibcls.instrument.read_registers(0, 7)
                          ^^^^^^^^^^^^^^^^^^^^^^^^^^^^^^^^^^^^^^
AttributeError: 'NoneType' object has no attribute 'read_registers'

2026-01-14 09:19:20 ERROR ReadModbusData(119) ReadModbusData: 'NoneType' object has no attribute 'read_registers'
Traceback (most recent call last):
  File "C:\Users\vchikkay\Desktop\Eejo\Eejo_Shivamogga _V2_AfterEvent_Updated_Py_Updated\Eejo\Lib\ModbusLib.py", line 104, in ReadModbusData
    ModbusLibcls.regval = ModbusLibcls.instrument.read_registers(0, 7)
                          ^^^^^^^^^^^^^^^^^^^^^^^^^^^^^^^^^^^^^^
AttributeError: 'NoneType' object has no attribute 'read_registers'

2026-01-14 09:19:20 ERROR ReadModbusData(119) ReadModbusData: 'NoneType' object has no attribute 'read_registers'
Traceback (most recent call last):
  File "C:\Users\vchikkay\Desktop\Eejo\Eejo_Shivamogga _V2_AfterEvent_Updated_Py_Updated\Eejo\Lib\ModbusLib.py", line 104, in ReadModbusData
    ModbusLibcls.regval = ModbusLibcls.instrument.read_registers(0, 7)
                          ^^^^^^^^^^^^^^^^^^^^^^^^^^^^^^^^^^^^^^
AttributeError: 'NoneType' object has no attribute 'read_registers'

2026-01-14 09:19:20 ERROR ReadModbusData(119) ReadModbusData: 'NoneType' object has no attribute 'read_registers'
Traceback (most recent call last):
  File "C:\Users\vchikkay\Desktop\Eejo\Eejo_Shivamogga _V2_AfterEvent_Updated_Py_Updated\Eejo\Lib\ModbusLib.py", line 104, in ReadModbusData
    ModbusLibcls.regval = ModbusLibcls.instrument.read_registers(0, 7)
                          ^^^^^^^^^^^^^^^^^^^^^^^^^^^^^^^^^^^^^^
AttributeError: 'NoneType' object has no attribute 'read_registers'

2026-01-14 09:19:20 ERROR ReadModbusData(119) ReadModbusData: 'NoneType' object has no attribute 'read_registers'
Traceback (most recent call last):
  File "C:\Users\vchikkay\Desktop\Eejo\Eejo_Shivamogga _V2_AfterEvent_Updated_Py_Updated\Eejo\Lib\ModbusLib.py", line 104, in ReadModbusData
    ModbusLibcls.regval = ModbusLibcls.instrument.read_registers(0, 7)
                          ^^^^^^^^^^^^^^^^^^^^^^^^^^^^^^^^^^^^^^
AttributeError: 'NoneType' object has no attribute 'read_registers'

2026-01-14 09:19:20 ERROR ReadModbusData(119) ReadModbusData: 'NoneType' object has no attribute 'read_registers'
Traceback (most recent call last):
  File "C:\Users\vchikkay\Desktop\Eejo\Eejo_Shivamogga _V2_AfterEvent_Updated_Py_Updated\Eejo\Lib\ModbusLib.py", line 104, in ReadModbusData
    ModbusLibcls.regval = ModbusLibcls.instrument.read_registers(0, 7)
                          ^^^^^^^^^^^^^^^^^^^^^^^^^^^^^^^^^^^^^^
AttributeError: 'NoneType' object has no attribute 'read_registers'

2026-01-14 09:19:20 ERROR ReadModbusData(119) ReadModbusData: 'NoneType' object has no attribute 'read_registers'
Traceback (most recent call last):
  File "C:\Users\vchikkay\Desktop\Eejo\Eejo_Shivamogga _V2_AfterEvent_Updated_Py_Updated\Eejo\Lib\ModbusLib.py", line 104, in ReadModbusData
    ModbusLibcls.regval = ModbusLibcls.instrument.read_registers(0, 7)
                          ^^^^^^^^^^^^^^^^^^^^^^^^^^^^^^^^^^^^^^
AttributeError: 'NoneType' object has no attribute 'read_registers'

2026-01-14 09:19:20 ERROR ReadModbusData(119) ReadModbusData: 'NoneType' object has no attribute 'read_registers'
Traceback (most recent call last):
  File "C:\Users\vchikkay\Desktop\Eejo\Eejo_Shivamogga _V2_AfterEvent_Updated_Py_Updated\Eejo\Lib\ModbusLib.py", line 104, in ReadModbusData
    ModbusLibcls.regval = ModbusLibcls.instrument.read_registers(0, 7)
                          ^^^^^^^^^^^^^^^^^^^^^^^^^^^^^^^^^^^^^^
AttributeError: 'NoneType' object has no attribute 'read_registers'

2026-01-14 09:19:20 ERROR ReadModbusData(119) ReadModbusData: 'NoneType' object has no attribute 'read_registers'
Traceback (most recent call last):
  File "C:\Users\vchikkay\Desktop\Eejo\Eejo_Shivamogga _V2_AfterEvent_Updated_Py_Updated\Eejo\Lib\ModbusLib.py", line 104, in ReadModbusData
    ModbusLibcls.regval = ModbusLibcls.instrument.read_registers(0, 7)
                          ^^^^^^^^^^^^^^^^^^^^^^^^^^^^^^^^^^^^^^
AttributeError: 'NoneType' object has no attribute 'read_registers'

2026-01-14 09:19:20 ERROR ReadModbusData(119) ReadModbusData: 'NoneType' object has no attribute 'read_registers'
Traceback (most recent call last):
  File "C:\Users\vchikkay\Desktop\Eejo\Eejo_Shivamogga _V2_AfterEvent_Updated_Py_Updated\Eejo\Lib\ModbusLib.py", line 104, in ReadModbusData
    ModbusLibcls.regval = ModbusLibcls.instrument.read_registers(0, 7)
                          ^^^^^^^^^^^^^^^^^^^^^^^^^^^^^^^^^^^^^^
AttributeError: 'NoneType' object has no attribute 'read_registers'

2026-01-14 09:19:20 ERROR ReadModbusData(119) ReadModbusData: 'NoneType' object has no attribute 'read_registers'
Traceback (most recent call last):
  File "C:\Users\vchikkay\Desktop\Eejo\Eejo_Shivamogga _V2_AfterEvent_Updated_Py_Updated\Eejo\Lib\ModbusLib.py", line 104, in ReadModbusData
    ModbusLibcls.regval = ModbusLibcls.instrument.read_registers(0, 7)
                          ^^^^^^^^^^^^^^^^^^^^^^^^^^^^^^^^^^^^^^
AttributeError: 'NoneType' object has no attribute 'read_registers'

2026-01-14 09:19:20 ERROR ReadModbusData(119) ReadModbusData: 'NoneType' object has no attribute 'read_registers'
Traceback (most recent call last):
  File "C:\Users\vchikkay\Desktop\Eejo\Eejo_Shivamogga _V2_AfterEvent_Updated_Py_Updated\Eejo\Lib\ModbusLib.py", line 104, in ReadModbusData
    ModbusLibcls.regval = ModbusLibcls.instrument.read_registers(0, 7)
                          ^^^^^^^^^^^^^^^^^^^^^^^^^^^^^^^^^^^^^^
AttributeError: 'NoneType' object has no attribute 'read_registers'

2026-01-14 09:19:21 ERROR ReadModbusData(119) ReadModbusData: 'NoneType' object has no attribute 'read_registers'
Traceback (most recent call last):
  File "C:\Users\vchikkay\Desktop\Eejo\Eejo_Shivamogga _V2_AfterEvent_Updated_Py_Updated\Eejo\Lib\ModbusLib.py", line 104, in ReadModbusData
    ModbusLibcls.regval = ModbusLibcls.instrument.read_registers(0, 7)
                          ^^^^^^^^^^^^^^^^^^^^^^^^^^^^^^^^^^^^^^
AttributeError: 'NoneType' object has no attribute 'read_registers'

2026-01-14 09:19:21 ERROR ReadModbusData(119) ReadModbusData: 'NoneType' object has no attribute 'read_registers'
Traceback (most recent call last):
  File "C:\Users\vchikkay\Desktop\Eejo\Eejo_Shivamogga _V2_AfterEvent_Updated_Py_Updated\Eejo\Lib\ModbusLib.py", line 104, in ReadModbusData
    ModbusLibcls.regval = ModbusLibcls.instrument.read_registers(0, 7)
                          ^^^^^^^^^^^^^^^^^^^^^^^^^^^^^^^^^^^^^^
AttributeError: 'NoneType' object has no attribute 'read_registers'

2026-01-14 09:19:21 ERROR ReadModbusData(119) ReadModbusData: 'NoneType' object has no attribute 'read_registers'
Traceback (most recent call last):
  File "C:\Users\vchikkay\Desktop\Eejo\Eejo_Shivamogga _V2_AfterEvent_Updated_Py_Updated\Eejo\Lib\ModbusLib.py", line 104, in ReadModbusData
    ModbusLibcls.regval = ModbusLibcls.instrument.read_registers(0, 7)
                          ^^^^^^^^^^^^^^^^^^^^^^^^^^^^^^^^^^^^^^
AttributeError: 'NoneType' object has no attribute 'read_registers'

2026-01-14 09:19:21 ERROR ReadModbusData(119) ReadModbusData: 'NoneType' object has no attribute 'read_registers'
Traceback (most recent call last):
  File "C:\Users\vchikkay\Desktop\Eejo\Eejo_Shivamogga _V2_AfterEvent_Updated_Py_Updated\Eejo\Lib\ModbusLib.py", line 104, in ReadModbusData
    ModbusLibcls.regval = ModbusLibcls.instrument.read_registers(0, 7)
                          ^^^^^^^^^^^^^^^^^^^^^^^^^^^^^^^^^^^^^^
AttributeError: 'NoneType' object has no attribute 'read_registers'

2026-01-14 09:19:21 ERROR ReadModbusData(119) ReadModbusData: 'NoneType' object has no attribute 'read_registers'
Traceback (most recent call last):
  File "C:\Users\vchikkay\Desktop\Eejo\Eejo_Shivamogga _V2_AfterEvent_Updated_Py_Updated\Eejo\Lib\ModbusLib.py", line 104, in ReadModbusData
    ModbusLibcls.regval = ModbusLibcls.instrument.read_registers(0, 7)
                          ^^^^^^^^^^^^^^^^^^^^^^^^^^^^^^^^^^^^^^
AttributeError: 'NoneType' object has no attribute 'read_registers'

2026-01-14 09:19:21 ERROR ReadModbusData(119) ReadModbusData: 'NoneType' object has no attribute 'read_registers'
Traceback (most recent call last):
  File "C:\Users\vchikkay\Desktop\Eejo\Eejo_Shivamogga _V2_AfterEvent_Updated_Py_Updated\Eejo\Lib\ModbusLib.py", line 104, in ReadModbusData
    ModbusLibcls.regval = ModbusLibcls.instrument.read_registers(0, 7)
                          ^^^^^^^^^^^^^^^^^^^^^^^^^^^^^^^^^^^^^^
AttributeError: 'NoneType' object has no attribute 'read_registers'

2026-01-14 09:19:21 ERROR ReadModbusData(119) ReadModbusData: 'NoneType' object has no attribute 'read_registers'
Traceback (most recent call last):
  File "C:\Users\vchikkay\Desktop\Eejo\Eejo_Shivamogga _V2_AfterEvent_Updated_Py_Updated\Eejo\Lib\ModbusLib.py", line 104, in ReadModbusData
    ModbusLibcls.regval = ModbusLibcls.instrument.read_registers(0, 7)
                          ^^^^^^^^^^^^^^^^^^^^^^^^^^^^^^^^^^^^^^
AttributeError: 'NoneType' object has no attribute 'read_registers'

2026-01-14 09:19:21 ERROR ReadModbusData(119) ReadModbusData: 'NoneType' object has no attribute 'read_registers'
Traceback (most recent call last):
  File "C:\Users\vchikkay\Desktop\Eejo\Eejo_Shivamogga _V2_AfterEvent_Updated_Py_Updated\Eejo\Lib\ModbusLib.py", line 104, in ReadModbusData
    ModbusLibcls.regval = ModbusLibcls.instrument.read_registers(0, 7)
                          ^^^^^^^^^^^^^^^^^^^^^^^^^^^^^^^^^^^^^^
AttributeError: 'NoneType' object has no attribute 'read_registers'

2026-01-14 09:19:21 ERROR ReadModbusData(119) ReadModbusData: 'NoneType' object has no attribute 'read_registers'
Traceback (most recent call last):
  File "C:\Users\vchikkay\Desktop\Eejo\Eejo_Shivamogga _V2_AfterEvent_Updated_Py_Updated\Eejo\Lib\ModbusLib.py", line 104, in ReadModbusData
    ModbusLibcls.regval = ModbusLibcls.instrument.read_registers(0, 7)
                          ^^^^^^^^^^^^^^^^^^^^^^^^^^^^^^^^^^^^^^
AttributeError: 'NoneType' object has no attribute 'read_registers'

2026-01-14 09:19:21 ERROR ReadModbusData(119) ReadModbusData: 'NoneType' object has no attribute 'read_registers'
Traceback (most recent call last):
  File "C:\Users\vchikkay\Desktop\Eejo\Eejo_Shivamogga _V2_AfterEvent_Updated_Py_Updated\Eejo\Lib\ModbusLib.py", line 104, in ReadModbusData
    ModbusLibcls.regval = ModbusLibcls.instrument.read_registers(0, 7)
                          ^^^^^^^^^^^^^^^^^^^^^^^^^^^^^^^^^^^^^^
AttributeError: 'NoneType' object has no attribute 'read_registers'

2026-01-14 09:19:21 ERROR ReadModbusData(119) ReadModbusData: 'NoneType' object has no attribute 'read_registers'
Traceback (most recent call last):
  File "C:\Users\vchikkay\Desktop\Eejo\Eejo_Shivamogga _V2_AfterEvent_Updated_Py_Updated\Eejo\Lib\ModbusLib.py", line 104, in ReadModbusData
    ModbusLibcls.regval = ModbusLibcls.instrument.read_registers(0, 7)
                          ^^^^^^^^^^^^^^^^^^^^^^^^^^^^^^^^^^^^^^
AttributeError: 'NoneType' object has no attribute 'read_registers'

2026-01-14 09:19:21 ERROR ReadModbusData(119) ReadModbusData: 'NoneType' object has no attribute 'read_registers'
Traceback (most recent call last):
  File "C:\Users\vchikkay\Desktop\Eejo\Eejo_Shivamogga _V2_AfterEvent_Updated_Py_Updated\Eejo\Lib\ModbusLib.py", line 104, in ReadModbusData
    ModbusLibcls.regval = ModbusLibcls.instrument.read_registers(0, 7)
                          ^^^^^^^^^^^^^^^^^^^^^^^^^^^^^^^^^^^^^^
AttributeError: 'NoneType' object has no attribute 'read_registers'

2026-01-14 09:19:21 ERROR ReadModbusData(119) ReadModbusData: 'NoneType' object has no attribute 'read_registers'
Traceback (most recent call last):
  File "C:\Users\vchikkay\Desktop\Eejo\Eejo_Shivamogga _V2_AfterEvent_Updated_Py_Updated\Eejo\Lib\ModbusLib.py", line 104, in ReadModbusData
    ModbusLibcls.regval = ModbusLibcls.instrument.read_registers(0, 7)
                          ^^^^^^^^^^^^^^^^^^^^^^^^^^^^^^^^^^^^^^
AttributeError: 'NoneType' object has no attribute 'read_registers'

2026-01-14 09:19:21 ERROR ReadModbusData(119) ReadModbusData: 'NoneType' object has no attribute 'read_registers'
Traceback (most recent call last):
  File "C:\Users\vchikkay\Desktop\Eejo\Eejo_Shivamogga _V2_AfterEvent_Updated_Py_Updated\Eejo\Lib\ModbusLib.py", line 104, in ReadModbusData
    ModbusLibcls.regval = ModbusLibcls.instrument.read_registers(0, 7)
                          ^^^^^^^^^^^^^^^^^^^^^^^^^^^^^^^^^^^^^^
AttributeError: 'NoneType' object has no attribute 'read_registers'

2026-01-14 09:19:21 ERROR ReadModbusData(119) ReadModbusData: 'NoneType' object has no attribute 'read_registers'
Traceback (most recent call last):
  File "C:\Users\vchikkay\Desktop\Eejo\Eejo_Shivamogga _V2_AfterEvent_Updated_Py_Updated\Eejo\Lib\ModbusLib.py", line 104, in ReadModbusData
    ModbusLibcls.regval = ModbusLibcls.instrument.read_registers(0, 7)
                          ^^^^^^^^^^^^^^^^^^^^^^^^^^^^^^^^^^^^^^
AttributeError: 'NoneType' object has no attribute 'read_registers'

2026-01-14 09:19:22 ERROR ReadModbusData(119) ReadModbusData: 'NoneType' object has no attribute 'read_registers'
Traceback (most recent call last):
  File "C:\Users\vchikkay\Desktop\Eejo\Eejo_Shivamogga _V2_AfterEvent_Updated_Py_Updated\Eejo\Lib\ModbusLib.py", line 104, in ReadModbusData
    ModbusLibcls.regval = ModbusLibcls.instrument.read_registers(0, 7)
                          ^^^^^^^^^^^^^^^^^^^^^^^^^^^^^^^^^^^^^^
AttributeError: 'NoneType' object has no attribute 'read_registers'

2026-01-14 09:19:22 ERROR ReadModbusData(119) ReadModbusData: 'NoneType' object has no attribute 'read_registers'
Traceback (most recent call last):
  File "C:\Users\vchikkay\Desktop\Eejo\Eejo_Shivamogga _V2_AfterEvent_Updated_Py_Updated\Eejo\Lib\ModbusLib.py", line 104, in ReadModbusData
    ModbusLibcls.regval = ModbusLibcls.instrument.read_registers(0, 7)
                          ^^^^^^^^^^^^^^^^^^^^^^^^^^^^^^^^^^^^^^
AttributeError: 'NoneType' object has no attribute 'read_registers'

2026-01-14 09:19:22 ERROR ReadModbusData(119) ReadModbusData: 'NoneType' object has no attribute 'read_registers'
Traceback (most recent call last):
  File "C:\Users\vchikkay\Desktop\Eejo\Eejo_Shivamogga _V2_AfterEvent_Updated_Py_Updated\Eejo\Lib\ModbusLib.py", line 104, in ReadModbusData
    ModbusLibcls.regval = ModbusLibcls.instrument.read_registers(0, 7)
                          ^^^^^^^^^^^^^^^^^^^^^^^^^^^^^^^^^^^^^^
AttributeError: 'NoneType' object has no attribute 'read_registers'

2026-01-14 09:19:22 ERROR ReadModbusData(119) ReadModbusData: 'NoneType' object has no attribute 'read_registers'
Traceback (most recent call last):
  File "C:\Users\vchikkay\Desktop\Eejo\Eejo_Shivamogga _V2_AfterEvent_Updated_Py_Updated\Eejo\Lib\ModbusLib.py", line 104, in ReadModbusData
    ModbusLibcls.regval = ModbusLibcls.instrument.read_registers(0, 7)
                          ^^^^^^^^^^^^^^^^^^^^^^^^^^^^^^^^^^^^^^
AttributeError: 'NoneType' object has no attribute 'read_registers'

2026-01-14 09:19:22 ERROR ReadModbusData(119) ReadModbusData: 'NoneType' object has no attribute 'read_registers'
Traceback (most recent call last):
  File "C:\Users\vchikkay\Desktop\Eejo\Eejo_Shivamogga _V2_AfterEvent_Updated_Py_Updated\Eejo\Lib\ModbusLib.py", line 104, in ReadModbusData
    ModbusLibcls.regval = ModbusLibcls.instrument.read_registers(0, 7)
                          ^^^^^^^^^^^^^^^^^^^^^^^^^^^^^^^^^^^^^^
AttributeError: 'NoneType' object has no attribute 'read_registers'

2026-01-14 09:19:22 ERROR ReadModbusData(119) ReadModbusData: 'NoneType' object has no attribute 'read_registers'
Traceback (most recent call last):
  File "C:\Users\vchikkay\Desktop\Eejo\Eejo_Shivamogga _V2_AfterEvent_Updated_Py_Updated\Eejo\Lib\ModbusLib.py", line 104, in ReadModbusData
    ModbusLibcls.regval = ModbusLibcls.instrument.read_registers(0, 7)
                          ^^^^^^^^^^^^^^^^^^^^^^^^^^^^^^^^^^^^^^
AttributeError: 'NoneType' object has no attribute 'read_registers'

2026-01-14 09:19:22 ERROR ReadModbusData(119) ReadModbusData: 'NoneType' object has no attribute 'read_registers'
Traceback (most recent call last):
  File "C:\Users\vchikkay\Desktop\Eejo\Eejo_Shivamogga _V2_AfterEvent_Updated_Py_Updated\Eejo\Lib\ModbusLib.py", line 104, in ReadModbusData
    ModbusLibcls.regval = ModbusLibcls.instrument.read_registers(0, 7)
                          ^^^^^^^^^^^^^^^^^^^^^^^^^^^^^^^^^^^^^^
AttributeError: 'NoneType' object has no attribute 'read_registers'

2026-01-14 09:19:22 ERROR ReadModbusData(119) ReadModbusData: 'NoneType' object has no attribute 'read_registers'
Traceback (most recent call last):
  File "C:\Users\vchikkay\Desktop\Eejo\Eejo_Shivamogga _V2_AfterEvent_Updated_Py_Updated\Eejo\Lib\ModbusLib.py", line 104, in ReadModbusData
    ModbusLibcls.regval = ModbusLibcls.instrument.read_registers(0, 7)
                          ^^^^^^^^^^^^^^^^^^^^^^^^^^^^^^^^^^^^^^
AttributeError: 'NoneType' object has no attribute 'read_registers'

2026-01-14 09:19:22 ERROR ReadModbusData(119) ReadModbusData: 'NoneType' object has no attribute 'read_registers'
Traceback (most recent call last):
  File "C:\Users\vchikkay\Desktop\Eejo\Eejo_Shivamogga _V2_AfterEvent_Updated_Py_Updated\Eejo\Lib\ModbusLib.py", line 104, in ReadModbusData
    ModbusLibcls.regval = ModbusLibcls.instrument.read_registers(0, 7)
                          ^^^^^^^^^^^^^^^^^^^^^^^^^^^^^^^^^^^^^^
AttributeError: 'NoneType' object has no attribute 'read_registers'

2026-01-14 09:19:22 ERROR ReadModbusData(119) ReadModbusData: 'NoneType' object has no attribute 'read_registers'
Traceback (most recent call last):
  File "C:\Users\vchikkay\Desktop\Eejo\Eejo_Shivamogga _V2_AfterEvent_Updated_Py_Updated\Eejo\Lib\ModbusLib.py", line 104, in ReadModbusData
    ModbusLibcls.regval = ModbusLibcls.instrument.read_registers(0, 7)
                          ^^^^^^^^^^^^^^^^^^^^^^^^^^^^^^^^^^^^^^
AttributeError: 'NoneType' object has no attribute 'read_registers'

2026-01-14 09:19:22 ERROR ReadModbusData(119) ReadModbusData: 'NoneType' object has no attribute 'read_registers'
Traceback (most recent call last):
  File "C:\Users\vchikkay\Desktop\Eejo\Eejo_Shivamogga _V2_AfterEvent_Updated_Py_Updated\Eejo\Lib\ModbusLib.py", line 104, in ReadModbusData
    ModbusLibcls.regval = ModbusLibcls.instrument.read_registers(0, 7)
                          ^^^^^^^^^^^^^^^^^^^^^^^^^^^^^^^^^^^^^^
AttributeError: 'NoneType' object has no attribute 'read_registers'

2026-01-14 09:19:22 ERROR ReadModbusData(119) ReadModbusData: 'NoneType' object has no attribute 'read_registers'
Traceback (most recent call last):
  File "C:\Users\vchikkay\Desktop\Eejo\Eejo_Shivamogga _V2_AfterEvent_Updated_Py_Updated\Eejo\Lib\ModbusLib.py", line 104, in ReadModbusData
    ModbusLibcls.regval = ModbusLibcls.instrument.read_registers(0, 7)
                          ^^^^^^^^^^^^^^^^^^^^^^^^^^^^^^^^^^^^^^
AttributeError: 'NoneType' object has no attribute 'read_registers'

2026-01-14 09:19:22 ERROR ReadModbusData(119) ReadModbusData: 'NoneType' object has no attribute 'read_registers'
Traceback (most recent call last):
  File "C:\Users\vchikkay\Desktop\Eejo\Eejo_Shivamogga _V2_AfterEvent_Updated_Py_Updated\Eejo\Lib\ModbusLib.py", line 104, in ReadModbusData
    ModbusLibcls.regval = ModbusLibcls.instrument.read_registers(0, 7)
                          ^^^^^^^^^^^^^^^^^^^^^^^^^^^^^^^^^^^^^^
AttributeError: 'NoneType' object has no attribute 'read_registers'

2026-01-14 09:19:22 ERROR ReadModbusData(119) ReadModbusData: 'NoneType' object has no attribute 'read_registers'
Traceback (most recent call last):
  File "C:\Users\vchikkay\Desktop\Eejo\Eejo_Shivamogga _V2_AfterEvent_Updated_Py_Updated\Eejo\Lib\ModbusLib.py", line 104, in ReadModbusData
    ModbusLibcls.regval = ModbusLibcls.instrument.read_registers(0, 7)
                          ^^^^^^^^^^^^^^^^^^^^^^^^^^^^^^^^^^^^^^
AttributeError: 'NoneType' object has no attribute 'read_registers'

2026-01-14 09:19:22 ERROR ReadModbusData(119) ReadModbusData: 'NoneType' object has no attribute 'read_registers'
Traceback (most recent call last):
  File "C:\Users\vchikkay\Desktop\Eejo\Eejo_Shivamogga _V2_AfterEvent_Updated_Py_Updated\Eejo\Lib\ModbusLib.py", line 104, in ReadModbusData
    ModbusLibcls.regval = ModbusLibcls.instrument.read_registers(0, 7)
                          ^^^^^^^^^^^^^^^^^^^^^^^^^^^^^^^^^^^^^^
AttributeError: 'NoneType' object has no attribute 'read_registers'

2026-01-14 09:19:23 ERROR ReadModbusData(119) ReadModbusData: 'NoneType' object has no attribute 'read_registers'
Traceback (most recent call last):
  File "C:\Users\vchikkay\Desktop\Eejo\Eejo_Shivamogga _V2_AfterEvent_Updated_Py_Updated\Eejo\Lib\ModbusLib.py", line 104, in ReadModbusData
    ModbusLibcls.regval = ModbusLibcls.instrument.read_registers(0, 7)
                          ^^^^^^^^^^^^^^^^^^^^^^^^^^^^^^^^^^^^^^
AttributeError: 'NoneType' object has no attribute 'read_registers'

2026-01-14 09:19:23 ERROR ReadModbusData(119) ReadModbusData: 'NoneType' object has no attribute 'read_registers'
Traceback (most recent call last):
  File "C:\Users\vchikkay\Desktop\Eejo\Eejo_Shivamogga _V2_AfterEvent_Updated_Py_Updated\Eejo\Lib\ModbusLib.py", line 104, in ReadModbusData
    ModbusLibcls.regval = ModbusLibcls.instrument.read_registers(0, 7)
                          ^^^^^^^^^^^^^^^^^^^^^^^^^^^^^^^^^^^^^^
AttributeError: 'NoneType' object has no attribute 'read_registers'

2026-01-14 09:19:23 ERROR ReadModbusData(119) ReadModbusData: 'NoneType' object has no attribute 'read_registers'
Traceback (most recent call last):
  File "C:\Users\vchikkay\Desktop\Eejo\Eejo_Shivamogga _V2_AfterEvent_Updated_Py_Updated\Eejo\Lib\ModbusLib.py", line 104, in ReadModbusData
    ModbusLibcls.regval = ModbusLibcls.instrument.read_registers(0, 7)
                          ^^^^^^^^^^^^^^^^^^^^^^^^^^^^^^^^^^^^^^
AttributeError: 'NoneType' object has no attribute 'read_registers'

2026-01-14 09:19:23 ERROR ReadModbusData(119) ReadModbusData: 'NoneType' object has no attribute 'read_registers'
Traceback (most recent call last):
  File "C:\Users\vchikkay\Desktop\Eejo\Eejo_Shivamogga _V2_AfterEvent_Updated_Py_Updated\Eejo\Lib\ModbusLib.py", line 104, in ReadModbusData
    ModbusLibcls.regval = ModbusLibcls.instrument.read_registers(0, 7)
                          ^^^^^^^^^^^^^^^^^^^^^^^^^^^^^^^^^^^^^^
AttributeError: 'NoneType' object has no attribute 'read_registers'

2026-01-14 09:19:23 ERROR ReadModbusData(119) ReadModbusData: 'NoneType' object has no attribute 'read_registers'
Traceback (most recent call last):
  File "C:\Users\vchikkay\Desktop\Eejo\Eejo_Shivamogga _V2_AfterEvent_Updated_Py_Updated\Eejo\Lib\ModbusLib.py", line 104, in ReadModbusData
    ModbusLibcls.regval = ModbusLibcls.instrument.read_registers(0, 7)
                          ^^^^^^^^^^^^^^^^^^^^^^^^^^^^^^^^^^^^^^
AttributeError: 'NoneType' object has no attribute 'read_registers'

2026-01-14 09:19:23 ERROR ReadModbusData(119) ReadModbusData: 'NoneType' object has no attribute 'read_registers'
Traceback (most recent call last):
  File "C:\Users\vchikkay\Desktop\Eejo\Eejo_Shivamogga _V2_AfterEvent_Updated_Py_Updated\Eejo\Lib\ModbusLib.py", line 104, in ReadModbusData
    ModbusLibcls.regval = ModbusLibcls.instrument.read_registers(0, 7)
                          ^^^^^^^^^^^^^^^^^^^^^^^^^^^^^^^^^^^^^^
AttributeError: 'NoneType' object has no attribute 'read_registers'

2026-01-14 09:19:23 ERROR ReadModbusData(119) ReadModbusData: 'NoneType' object has no attribute 'read_registers'
Traceback (most recent call last):
  File "C:\Users\vchikkay\Desktop\Eejo\Eejo_Shivamogga _V2_AfterEvent_Updated_Py_Updated\Eejo\Lib\ModbusLib.py", line 104, in ReadModbusData
    ModbusLibcls.regval = ModbusLibcls.instrument.read_registers(0, 7)
                          ^^^^^^^^^^^^^^^^^^^^^^^^^^^^^^^^^^^^^^
AttributeError: 'NoneType' object has no attribute 'read_registers'

2026-01-14 09:19:23 ERROR ReadModbusData(119) ReadModbusData: 'NoneType' object has no attribute 'read_registers'
Traceback (most recent call last):
  File "C:\Users\vchikkay\Desktop\Eejo\Eejo_Shivamogga _V2_AfterEvent_Updated_Py_Updated\Eejo\Lib\ModbusLib.py", line 104, in ReadModbusData
    ModbusLibcls.regval = ModbusLibcls.instrument.read_registers(0, 7)
                          ^^^^^^^^^^^^^^^^^^^^^^^^^^^^^^^^^^^^^^
AttributeError: 'NoneType' object has no attribute 'read_registers'

2026-01-14 09:19:23 ERROR ReadModbusData(119) ReadModbusData: 'NoneType' object has no attribute 'read_registers'
Traceback (most recent call last):
  File "C:\Users\vchikkay\Desktop\Eejo\Eejo_Shivamogga _V2_AfterEvent_Updated_Py_Updated\Eejo\Lib\ModbusLib.py", line 104, in ReadModbusData
    ModbusLibcls.regval = ModbusLibcls.instrument.read_registers(0, 7)
                          ^^^^^^^^^^^^^^^^^^^^^^^^^^^^^^^^^^^^^^
AttributeError: 'NoneType' object has no attribute 'read_registers'

2026-01-14 09:19:23 ERROR ReadModbusData(119) ReadModbusData: 'NoneType' object has no attribute 'read_registers'
Traceback (most recent call last):
  File "C:\Users\vchikkay\Desktop\Eejo\Eejo_Shivamogga _V2_AfterEvent_Updated_Py_Updated\Eejo\Lib\ModbusLib.py", line 104, in ReadModbusData
    ModbusLibcls.regval = ModbusLibcls.instrument.read_registers(0, 7)
                          ^^^^^^^^^^^^^^^^^^^^^^^^^^^^^^^^^^^^^^
AttributeError: 'NoneType' object has no attribute 'read_registers'

2026-01-14 09:19:23 ERROR ReadModbusData(119) ReadModbusData: 'NoneType' object has no attribute 'read_registers'
Traceback (most recent call last):
  File "C:\Users\vchikkay\Desktop\Eejo\Eejo_Shivamogga _V2_AfterEvent_Updated_Py_Updated\Eejo\Lib\ModbusLib.py", line 104, in ReadModbusData
    ModbusLibcls.regval = ModbusLibcls.instrument.read_registers(0, 7)
                          ^^^^^^^^^^^^^^^^^^^^^^^^^^^^^^^^^^^^^^
AttributeError: 'NoneType' object has no attribute 'read_registers'

2026-01-14 09:19:23 ERROR ReadModbusData(119) ReadModbusData: 'NoneType' object has no attribute 'read_registers'
Traceback (most recent call last):
  File "C:\Users\vchikkay\Desktop\Eejo\Eejo_Shivamogga _V2_AfterEvent_Updated_Py_Updated\Eejo\Lib\ModbusLib.py", line 104, in ReadModbusData
    ModbusLibcls.regval = ModbusLibcls.instrument.read_registers(0, 7)
                          ^^^^^^^^^^^^^^^^^^^^^^^^^^^^^^^^^^^^^^
AttributeError: 'NoneType' object has no attribute 'read_registers'

2026-01-14 09:19:24 ERROR ReadModbusData(119) ReadModbusData: 'NoneType' object has no attribute 'read_registers'
Traceback (most recent call last):
  File "C:\Users\vchikkay\Desktop\Eejo\Eejo_Shivamogga _V2_AfterEvent_Updated_Py_Updated\Eejo\Lib\ModbusLib.py", line 104, in ReadModbusData
    ModbusLibcls.regval = ModbusLibcls.instrument.read_registers(0, 7)
                          ^^^^^^^^^^^^^^^^^^^^^^^^^^^^^^^^^^^^^^
AttributeError: 'NoneType' object has no attribute 'read_registers'

2026-01-14 09:19:24 ERROR ReadModbusData(119) ReadModbusData: 'NoneType' object has no attribute 'read_registers'
Traceback (most recent call last):
  File "C:\Users\vchikkay\Desktop\Eejo\Eejo_Shivamogga _V2_AfterEvent_Updated_Py_Updated\Eejo\Lib\ModbusLib.py", line 104, in ReadModbusData
    ModbusLibcls.regval = ModbusLibcls.instrument.read_registers(0, 7)
                          ^^^^^^^^^^^^^^^^^^^^^^^^^^^^^^^^^^^^^^
AttributeError: 'NoneType' object has no attribute 'read_registers'

2026-01-14 09:19:24 ERROR ReadModbusData(119) ReadModbusData: 'NoneType' object has no attribute 'read_registers'
Traceback (most recent call last):
  File "C:\Users\vchikkay\Desktop\Eejo\Eejo_Shivamogga _V2_AfterEvent_Updated_Py_Updated\Eejo\Lib\ModbusLib.py", line 104, in ReadModbusData
    ModbusLibcls.regval = ModbusLibcls.instrument.read_registers(0, 7)
                          ^^^^^^^^^^^^^^^^^^^^^^^^^^^^^^^^^^^^^^
AttributeError: 'NoneType' object has no attribute 'read_registers'

2026-01-14 09:19:24 ERROR ReadModbusData(119) ReadModbusData: 'NoneType' object has no attribute 'read_registers'
Traceback (most recent call last):
  File "C:\Users\vchikkay\Desktop\Eejo\Eejo_Shivamogga _V2_AfterEvent_Updated_Py_Updated\Eejo\Lib\ModbusLib.py", line 104, in ReadModbusData
    ModbusLibcls.regval = ModbusLibcls.instrument.read_registers(0, 7)
                          ^^^^^^^^^^^^^^^^^^^^^^^^^^^^^^^^^^^^^^
AttributeError: 'NoneType' object has no attribute 'read_registers'

2026-01-14 09:19:24 ERROR ReadModbusData(119) ReadModbusData: 'NoneType' object has no attribute 'read_registers'
Traceback (most recent call last):
  File "C:\Users\vchikkay\Desktop\Eejo\Eejo_Shivamogga _V2_AfterEvent_Updated_Py_Updated\Eejo\Lib\ModbusLib.py", line 104, in ReadModbusData
    ModbusLibcls.regval = ModbusLibcls.instrument.read_registers(0, 7)
                          ^^^^^^^^^^^^^^^^^^^^^^^^^^^^^^^^^^^^^^
AttributeError: 'NoneType' object has no attribute 'read_registers'

2026-01-14 09:19:24 ERROR ReadModbusData(119) ReadModbusData: 'NoneType' object has no attribute 'read_registers'
Traceback (most recent call last):
  File "C:\Users\vchikkay\Desktop\Eejo\Eejo_Shivamogga _V2_AfterEvent_Updated_Py_Updated\Eejo\Lib\ModbusLib.py", line 104, in ReadModbusData
    ModbusLibcls.regval = ModbusLibcls.instrument.read_registers(0, 7)
                          ^^^^^^^^^^^^^^^^^^^^^^^^^^^^^^^^^^^^^^
AttributeError: 'NoneType' object has no attribute 'read_registers'

2026-01-14 09:19:24 ERROR ReadModbusData(119) ReadModbusData: 'NoneType' object has no attribute 'read_registers'
Traceback (most recent call last):
  File "C:\Users\vchikkay\Desktop\Eejo\Eejo_Shivamogga _V2_AfterEvent_Updated_Py_Updated\Eejo\Lib\ModbusLib.py", line 104, in ReadModbusData
    ModbusLibcls.regval = ModbusLibcls.instrument.read_registers(0, 7)
                          ^^^^^^^^^^^^^^^^^^^^^^^^^^^^^^^^^^^^^^
AttributeError: 'NoneType' object has no attribute 'read_registers'

2026-01-14 09:19:24 ERROR ReadModbusData(119) ReadModbusData: 'NoneType' object has no attribute 'read_registers'
Traceback (most recent call last):
  File "C:\Users\vchikkay\Desktop\Eejo\Eejo_Shivamogga _V2_AfterEvent_Updated_Py_Updated\Eejo\Lib\ModbusLib.py", line 104, in ReadModbusData
    ModbusLibcls.regval = ModbusLibcls.instrument.read_registers(0, 7)
                          ^^^^^^^^^^^^^^^^^^^^^^^^^^^^^^^^^^^^^^
AttributeError: 'NoneType' object has no attribute 'read_registers'

2026-01-14 09:19:24 ERROR ReadModbusData(119) ReadModbusData: 'NoneType' object has no attribute 'read_registers'
Traceback (most recent call last):
  File "C:\Users\vchikkay\Desktop\Eejo\Eejo_Shivamogga _V2_AfterEvent_Updated_Py_Updated\Eejo\Lib\ModbusLib.py", line 104, in ReadModbusData
    ModbusLibcls.regval = ModbusLibcls.instrument.read_registers(0, 7)
                          ^^^^^^^^^^^^^^^^^^^^^^^^^^^^^^^^^^^^^^
AttributeError: 'NoneType' object has no attribute 'read_registers'

2026-01-14 09:19:24 ERROR ReadModbusData(119) ReadModbusData: 'NoneType' object has no attribute 'read_registers'
Traceback (most recent call last):
  File "C:\Users\vchikkay\Desktop\Eejo\Eejo_Shivamogga _V2_AfterEvent_Updated_Py_Updated\Eejo\Lib\ModbusLib.py", line 104, in ReadModbusData
    ModbusLibcls.regval = ModbusLibcls.instrument.read_registers(0, 7)
                          ^^^^^^^^^^^^^^^^^^^^^^^^^^^^^^^^^^^^^^
AttributeError: 'NoneType' object has no attribute 'read_registers'

2026-01-14 09:19:24 ERROR ReadModbusData(119) ReadModbusData: 'NoneType' object has no attribute 'read_registers'
Traceback (most recent call last):
  File "C:\Users\vchikkay\Desktop\Eejo\Eejo_Shivamogga _V2_AfterEvent_Updated_Py_Updated\Eejo\Lib\ModbusLib.py", line 104, in ReadModbusData
    ModbusLibcls.regval = ModbusLibcls.instrument.read_registers(0, 7)
                          ^^^^^^^^^^^^^^^^^^^^^^^^^^^^^^^^^^^^^^
AttributeError: 'NoneType' object has no attribute 'read_registers'

2026-01-14 09:19:24 ERROR ReadModbusData(119) ReadModbusData: 'NoneType' object has no attribute 'read_registers'
Traceback (most recent call last):
  File "C:\Users\vchikkay\Desktop\Eejo\Eejo_Shivamogga _V2_AfterEvent_Updated_Py_Updated\Eejo\Lib\ModbusLib.py", line 104, in ReadModbusData
    ModbusLibcls.regval = ModbusLibcls.instrument.read_registers(0, 7)
                          ^^^^^^^^^^^^^^^^^^^^^^^^^^^^^^^^^^^^^^
AttributeError: 'NoneType' object has no attribute 'read_registers'

2026-01-14 09:19:24 ERROR ReadModbusData(119) ReadModbusData: 'NoneType' object has no attribute 'read_registers'
Traceback (most recent call last):
  File "C:\Users\vchikkay\Desktop\Eejo\Eejo_Shivamogga _V2_AfterEvent_Updated_Py_Updated\Eejo\Lib\ModbusLib.py", line 104, in ReadModbusData
    ModbusLibcls.regval = ModbusLibcls.instrument.read_registers(0, 7)
                          ^^^^^^^^^^^^^^^^^^^^^^^^^^^^^^^^^^^^^^
AttributeError: 'NoneType' object has no attribute 'read_registers'

2026-01-14 09:19:25 ERROR ReadModbusData(119) ReadModbusData: 'NoneType' object has no attribute 'read_registers'
Traceback (most recent call last):
  File "C:\Users\vchikkay\Desktop\Eejo\Eejo_Shivamogga _V2_AfterEvent_Updated_Py_Updated\Eejo\Lib\ModbusLib.py", line 104, in ReadModbusData
    ModbusLibcls.regval = ModbusLibcls.instrument.read_registers(0, 7)
                          ^^^^^^^^^^^^^^^^^^^^^^^^^^^^^^^^^^^^^^
AttributeError: 'NoneType' object has no attribute 'read_registers'

2026-01-14 09:19:25 ERROR ReadModbusData(119) ReadModbusData: 'NoneType' object has no attribute 'read_registers'
Traceback (most recent call last):
  File "C:\Users\vchikkay\Desktop\Eejo\Eejo_Shivamogga _V2_AfterEvent_Updated_Py_Updated\Eejo\Lib\ModbusLib.py", line 104, in ReadModbusData
    ModbusLibcls.regval = ModbusLibcls.instrument.read_registers(0, 7)
                          ^^^^^^^^^^^^^^^^^^^^^^^^^^^^^^^^^^^^^^
AttributeError: 'NoneType' object has no attribute 'read_registers'

2026-01-14 09:19:25 ERROR ReadModbusData(119) ReadModbusData: 'NoneType' object has no attribute 'read_registers'
Traceback (most recent call last):
  File "C:\Users\vchikkay\Desktop\Eejo\Eejo_Shivamogga _V2_AfterEvent_Updated_Py_Updated\Eejo\Lib\ModbusLib.py", line 104, in ReadModbusData
    ModbusLibcls.regval = ModbusLibcls.instrument.read_registers(0, 7)
                          ^^^^^^^^^^^^^^^^^^^^^^^^^^^^^^^^^^^^^^
AttributeError: 'NoneType' object has no attribute 'read_registers'

2026-01-14 09:19:25 ERROR ReadModbusData(119) ReadModbusData: 'NoneType' object has no attribute 'read_registers'
Traceback (most recent call last):
  File "C:\Users\vchikkay\Desktop\Eejo\Eejo_Shivamogga _V2_AfterEvent_Updated_Py_Updated\Eejo\Lib\ModbusLib.py", line 104, in ReadModbusData
    ModbusLibcls.regval = ModbusLibcls.instrument.read_registers(0, 7)
                          ^^^^^^^^^^^^^^^^^^^^^^^^^^^^^^^^^^^^^^
AttributeError: 'NoneType' object has no attribute 'read_registers'

2026-01-14 09:19:25 ERROR ReadModbusData(119) ReadModbusData: 'NoneType' object has no attribute 'read_registers'
Traceback (most recent call last):
  File "C:\Users\vchikkay\Desktop\Eejo\Eejo_Shivamogga _V2_AfterEvent_Updated_Py_Updated\Eejo\Lib\ModbusLib.py", line 104, in ReadModbusData
    ModbusLibcls.regval = ModbusLibcls.instrument.read_registers(0, 7)
                          ^^^^^^^^^^^^^^^^^^^^^^^^^^^^^^^^^^^^^^
AttributeError: 'NoneType' object has no attribute 'read_registers'

2026-01-14 09:19:25 ERROR ReadModbusData(119) ReadModbusData: 'NoneType' object has no attribute 'read_registers'
Traceback (most recent call last):
  File "C:\Users\vchikkay\Desktop\Eejo\Eejo_Shivamogga _V2_AfterEvent_Updated_Py_Updated\Eejo\Lib\ModbusLib.py", line 104, in ReadModbusData
    ModbusLibcls.regval = ModbusLibcls.instrument.read_registers(0, 7)
                          ^^^^^^^^^^^^^^^^^^^^^^^^^^^^^^^^^^^^^^
AttributeError: 'NoneType' object has no attribute 'read_registers'

2026-01-14 09:19:25 ERROR ReadModbusData(119) ReadModbusData: 'NoneType' object has no attribute 'read_registers'
Traceback (most recent call last):
  File "C:\Users\vchikkay\Desktop\Eejo\Eejo_Shivamogga _V2_AfterEvent_Updated_Py_Updated\Eejo\Lib\ModbusLib.py", line 104, in ReadModbusData
    ModbusLibcls.regval = ModbusLibcls.instrument.read_registers(0, 7)
                          ^^^^^^^^^^^^^^^^^^^^^^^^^^^^^^^^^^^^^^
AttributeError: 'NoneType' object has no attribute 'read_registers'

2026-01-14 09:19:25 ERROR ReadModbusData(119) ReadModbusData: 'NoneType' object has no attribute 'read_registers'
Traceback (most recent call last):
  File "C:\Users\vchikkay\Desktop\Eejo\Eejo_Shivamogga _V2_AfterEvent_Updated_Py_Updated\Eejo\Lib\ModbusLib.py", line 104, in ReadModbusData
    ModbusLibcls.regval = ModbusLibcls.instrument.read_registers(0, 7)
                          ^^^^^^^^^^^^^^^^^^^^^^^^^^^^^^^^^^^^^^
AttributeError: 'NoneType' object has no attribute 'read_registers'

2026-01-14 09:19:25 ERROR ReadModbusData(119) ReadModbusData: 'NoneType' object has no attribute 'read_registers'
Traceback (most recent call last):
  File "C:\Users\vchikkay\Desktop\Eejo\Eejo_Shivamogga _V2_AfterEvent_Updated_Py_Updated\Eejo\Lib\ModbusLib.py", line 104, in ReadModbusData
    ModbusLibcls.regval = ModbusLibcls.instrument.read_registers(0, 7)
                          ^^^^^^^^^^^^^^^^^^^^^^^^^^^^^^^^^^^^^^
AttributeError: 'NoneType' object has no attribute 'read_registers'

2026-01-14 09:19:25 ERROR ReadModbusData(119) ReadModbusData: 'NoneType' object has no attribute 'read_registers'
Traceback (most recent call last):
  File "C:\Users\vchikkay\Desktop\Eejo\Eejo_Shivamogga _V2_AfterEvent_Updated_Py_Updated\Eejo\Lib\ModbusLib.py", line 104, in ReadModbusData
    ModbusLibcls.regval = ModbusLibcls.instrument.read_registers(0, 7)
                          ^^^^^^^^^^^^^^^^^^^^^^^^^^^^^^^^^^^^^^
AttributeError: 'NoneType' object has no attribute 'read_registers'

2026-01-14 09:19:25 ERROR ReadModbusData(119) ReadModbusData: 'NoneType' object has no attribute 'read_registers'
Traceback (most recent call last):
  File "C:\Users\vchikkay\Desktop\Eejo\Eejo_Shivamogga _V2_AfterEvent_Updated_Py_Updated\Eejo\Lib\ModbusLib.py", line 104, in ReadModbusData
    ModbusLibcls.regval = ModbusLibcls.instrument.read_registers(0, 7)
                          ^^^^^^^^^^^^^^^^^^^^^^^^^^^^^^^^^^^^^^
AttributeError: 'NoneType' object has no attribute 'read_registers'

2026-01-14 09:19:25 ERROR ReadModbusData(119) ReadModbusData: 'NoneType' object has no attribute 'read_registers'
Traceback (most recent call last):
  File "C:\Users\vchikkay\Desktop\Eejo\Eejo_Shivamogga _V2_AfterEvent_Updated_Py_Updated\Eejo\Lib\ModbusLib.py", line 104, in ReadModbusData
    ModbusLibcls.regval = ModbusLibcls.instrument.read_registers(0, 7)
                          ^^^^^^^^^^^^^^^^^^^^^^^^^^^^^^^^^^^^^^
AttributeError: 'NoneType' object has no attribute 'read_registers'

2026-01-14 09:19:25 ERROR ReadModbusData(119) ReadModbusData: 'NoneType' object has no attribute 'read_registers'
Traceback (most recent call last):
  File "C:\Users\vchikkay\Desktop\Eejo\Eejo_Shivamogga _V2_AfterEvent_Updated_Py_Updated\Eejo\Lib\ModbusLib.py", line 104, in ReadModbusData
    ModbusLibcls.regval = ModbusLibcls.instrument.read_registers(0, 7)
                          ^^^^^^^^^^^^^^^^^^^^^^^^^^^^^^^^^^^^^^
AttributeError: 'NoneType' object has no attribute 'read_registers'

2026-01-14 09:19:26 ERROR ReadModbusData(119) ReadModbusData: 'NoneType' object has no attribute 'read_registers'
Traceback (most recent call last):
  File "C:\Users\vchikkay\Desktop\Eejo\Eejo_Shivamogga _V2_AfterEvent_Updated_Py_Updated\Eejo\Lib\ModbusLib.py", line 104, in ReadModbusData
    ModbusLibcls.regval = ModbusLibcls.instrument.read_registers(0, 7)
                          ^^^^^^^^^^^^^^^^^^^^^^^^^^^^^^^^^^^^^^
AttributeError: 'NoneType' object has no attribute 'read_registers'

2026-01-14 09:19:26 ERROR ReadModbusData(119) ReadModbusData: 'NoneType' object has no attribute 'read_registers'
Traceback (most recent call last):
  File "C:\Users\vchikkay\Desktop\Eejo\Eejo_Shivamogga _V2_AfterEvent_Updated_Py_Updated\Eejo\Lib\ModbusLib.py", line 104, in ReadModbusData
    ModbusLibcls.regval = ModbusLibcls.instrument.read_registers(0, 7)
                          ^^^^^^^^^^^^^^^^^^^^^^^^^^^^^^^^^^^^^^
AttributeError: 'NoneType' object has no attribute 'read_registers'

2026-01-14 09:19:26 ERROR ReadModbusData(119) ReadModbusData: 'NoneType' object has no attribute 'read_registers'
Traceback (most recent call last):
  File "C:\Users\vchikkay\Desktop\Eejo\Eejo_Shivamogga _V2_AfterEvent_Updated_Py_Updated\Eejo\Lib\ModbusLib.py", line 104, in ReadModbusData
    ModbusLibcls.regval = ModbusLibcls.instrument.read_registers(0, 7)
                          ^^^^^^^^^^^^^^^^^^^^^^^^^^^^^^^^^^^^^^
AttributeError: 'NoneType' object has no attribute 'read_registers'

2026-01-14 09:19:26 ERROR ReadModbusData(119) ReadModbusData: 'NoneType' object has no attribute 'read_registers'
Traceback (most recent call last):
  File "C:\Users\vchikkay\Desktop\Eejo\Eejo_Shivamogga _V2_AfterEvent_Updated_Py_Updated\Eejo\Lib\ModbusLib.py", line 104, in ReadModbusData
    ModbusLibcls.regval = ModbusLibcls.instrument.read_registers(0, 7)
                          ^^^^^^^^^^^^^^^^^^^^^^^^^^^^^^^^^^^^^^
AttributeError: 'NoneType' object has no attribute 'read_registers'

2026-01-14 09:19:26 ERROR ReadModbusData(119) ReadModbusData: 'NoneType' object has no attribute 'read_registers'
Traceback (most recent call last):
  File "C:\Users\vchikkay\Desktop\Eejo\Eejo_Shivamogga _V2_AfterEvent_Updated_Py_Updated\Eejo\Lib\ModbusLib.py", line 104, in ReadModbusData
    ModbusLibcls.regval = ModbusLibcls.instrument.read_registers(0, 7)
                          ^^^^^^^^^^^^^^^^^^^^^^^^^^^^^^^^^^^^^^
AttributeError: 'NoneType' object has no attribute 'read_registers'

2026-01-14 09:19:26 ERROR ReadModbusData(119) ReadModbusData: 'NoneType' object has no attribute 'read_registers'
Traceback (most recent call last):
  File "C:\Users\vchikkay\Desktop\Eejo\Eejo_Shivamogga _V2_AfterEvent_Updated_Py_Updated\Eejo\Lib\ModbusLib.py", line 104, in ReadModbusData
    ModbusLibcls.regval = ModbusLibcls.instrument.read_registers(0, 7)
                          ^^^^^^^^^^^^^^^^^^^^^^^^^^^^^^^^^^^^^^
AttributeError: 'NoneType' object has no attribute 'read_registers'

2026-01-14 09:19:26 ERROR ReadModbusData(119) ReadModbusData: 'NoneType' object has no attribute 'read_registers'
Traceback (most recent call last):
  File "C:\Users\vchikkay\Desktop\Eejo\Eejo_Shivamogga _V2_AfterEvent_Updated_Py_Updated\Eejo\Lib\ModbusLib.py", line 104, in ReadModbusData
    ModbusLibcls.regval = ModbusLibcls.instrument.read_registers(0, 7)
                          ^^^^^^^^^^^^^^^^^^^^^^^^^^^^^^^^^^^^^^
AttributeError: 'NoneType' object has no attribute 'read_registers'

2026-01-14 09:19:26 ERROR ReadModbusData(119) ReadModbusData: 'NoneType' object has no attribute 'read_registers'
Traceback (most recent call last):
  File "C:\Users\vchikkay\Desktop\Eejo\Eejo_Shivamogga _V2_AfterEvent_Updated_Py_Updated\Eejo\Lib\ModbusLib.py", line 104, in ReadModbusData
    ModbusLibcls.regval = ModbusLibcls.instrument.read_registers(0, 7)
                          ^^^^^^^^^^^^^^^^^^^^^^^^^^^^^^^^^^^^^^
AttributeError: 'NoneType' object has no attribute 'read_registers'

2026-01-14 09:19:26 ERROR ReadModbusData(119) ReadModbusData: 'NoneType' object has no attribute 'read_registers'
Traceback (most recent call last):
  File "C:\Users\vchikkay\Desktop\Eejo\Eejo_Shivamogga _V2_AfterEvent_Updated_Py_Updated\Eejo\Lib\ModbusLib.py", line 104, in ReadModbusData
    ModbusLibcls.regval = ModbusLibcls.instrument.read_registers(0, 7)
                          ^^^^^^^^^^^^^^^^^^^^^^^^^^^^^^^^^^^^^^
AttributeError: 'NoneType' object has no attribute 'read_registers'

2026-01-14 09:19:26 ERROR ReadModbusData(119) ReadModbusData: 'NoneType' object has no attribute 'read_registers'
Traceback (most recent call last):
  File "C:\Users\vchikkay\Desktop\Eejo\Eejo_Shivamogga _V2_AfterEvent_Updated_Py_Updated\Eejo\Lib\ModbusLib.py", line 104, in ReadModbusData
    ModbusLibcls.regval = ModbusLibcls.instrument.read_registers(0, 7)
                          ^^^^^^^^^^^^^^^^^^^^^^^^^^^^^^^^^^^^^^
AttributeError: 'NoneType' object has no attribute 'read_registers'

2026-01-14 09:19:26 ERROR ReadModbusData(119) ReadModbusData: 'NoneType' object has no attribute 'read_registers'
Traceback (most recent call last):
  File "C:\Users\vchikkay\Desktop\Eejo\Eejo_Shivamogga _V2_AfterEvent_Updated_Py_Updated\Eejo\Lib\ModbusLib.py", line 104, in ReadModbusData
    ModbusLibcls.regval = ModbusLibcls.instrument.read_registers(0, 7)
                          ^^^^^^^^^^^^^^^^^^^^^^^^^^^^^^^^^^^^^^
AttributeError: 'NoneType' object has no attribute 'read_registers'

2026-01-14 09:19:26 ERROR ReadModbusData(119) ReadModbusData: 'NoneType' object has no attribute 'read_registers'
Traceback (most recent call last):
  File "C:\Users\vchikkay\Desktop\Eejo\Eejo_Shivamogga _V2_AfterEvent_Updated_Py_Updated\Eejo\Lib\ModbusLib.py", line 104, in ReadModbusData
    ModbusLibcls.regval = ModbusLibcls.instrument.read_registers(0, 7)
                          ^^^^^^^^^^^^^^^^^^^^^^^^^^^^^^^^^^^^^^
AttributeError: 'NoneType' object has no attribute 'read_registers'

2026-01-14 09:19:26 ERROR ReadModbusData(119) ReadModbusData: 'NoneType' object has no attribute 'read_registers'
Traceback (most recent call last):
  File "C:\Users\vchikkay\Desktop\Eejo\Eejo_Shivamogga _V2_AfterEvent_Updated_Py_Updated\Eejo\Lib\ModbusLib.py", line 104, in ReadModbusData
    ModbusLibcls.regval = ModbusLibcls.instrument.read_registers(0, 7)
                          ^^^^^^^^^^^^^^^^^^^^^^^^^^^^^^^^^^^^^^
AttributeError: 'NoneType' object has no attribute 'read_registers'

2026-01-14 09:19:26 ERROR ReadModbusData(119) ReadModbusData: 'NoneType' object has no attribute 'read_registers'
Traceback (most recent call last):
  File "C:\Users\vchikkay\Desktop\Eejo\Eejo_Shivamogga _V2_AfterEvent_Updated_Py_Updated\Eejo\Lib\ModbusLib.py", line 104, in ReadModbusData
    ModbusLibcls.regval = ModbusLibcls.instrument.read_registers(0, 7)
                          ^^^^^^^^^^^^^^^^^^^^^^^^^^^^^^^^^^^^^^
AttributeError: 'NoneType' object has no attribute 'read_registers'

2026-01-14 09:19:27 ERROR ReadModbusData(119) ReadModbusData: 'NoneType' object has no attribute 'read_registers'
Traceback (most recent call last):
  File "C:\Users\vchikkay\Desktop\Eejo\Eejo_Shivamogga _V2_AfterEvent_Updated_Py_Updated\Eejo\Lib\ModbusLib.py", line 104, in ReadModbusData
    ModbusLibcls.regval = ModbusLibcls.instrument.read_registers(0, 7)
                          ^^^^^^^^^^^^^^^^^^^^^^^^^^^^^^^^^^^^^^
AttributeError: 'NoneType' object has no attribute 'read_registers'

2026-01-14 09:19:27 ERROR ReadModbusData(119) ReadModbusData: 'NoneType' object has no attribute 'read_registers'
Traceback (most recent call last):
  File "C:\Users\vchikkay\Desktop\Eejo\Eejo_Shivamogga _V2_AfterEvent_Updated_Py_Updated\Eejo\Lib\ModbusLib.py", line 104, in ReadModbusData
    ModbusLibcls.regval = ModbusLibcls.instrument.read_registers(0, 7)
                          ^^^^^^^^^^^^^^^^^^^^^^^^^^^^^^^^^^^^^^
AttributeError: 'NoneType' object has no attribute 'read_registers'

2026-01-14 09:19:27 ERROR ReadModbusData(119) ReadModbusData: 'NoneType' object has no attribute 'read_registers'
Traceback (most recent call last):
  File "C:\Users\vchikkay\Desktop\Eejo\Eejo_Shivamogga _V2_AfterEvent_Updated_Py_Updated\Eejo\Lib\ModbusLib.py", line 104, in ReadModbusData
    ModbusLibcls.regval = ModbusLibcls.instrument.read_registers(0, 7)
                          ^^^^^^^^^^^^^^^^^^^^^^^^^^^^^^^^^^^^^^
AttributeError: 'NoneType' object has no attribute 'read_registers'

2026-01-14 09:19:27 ERROR ReadModbusData(119) ReadModbusData: 'NoneType' object has no attribute 'read_registers'
Traceback (most recent call last):
  File "C:\Users\vchikkay\Desktop\Eejo\Eejo_Shivamogga _V2_AfterEvent_Updated_Py_Updated\Eejo\Lib\ModbusLib.py", line 104, in ReadModbusData
    ModbusLibcls.regval = ModbusLibcls.instrument.read_registers(0, 7)
                          ^^^^^^^^^^^^^^^^^^^^^^^^^^^^^^^^^^^^^^
AttributeError: 'NoneType' object has no attribute 'read_registers'

2026-01-14 09:19:27 ERROR ReadModbusData(119) ReadModbusData: 'NoneType' object has no attribute 'read_registers'
Traceback (most recent call last):
  File "C:\Users\vchikkay\Desktop\Eejo\Eejo_Shivamogga _V2_AfterEvent_Updated_Py_Updated\Eejo\Lib\ModbusLib.py", line 104, in ReadModbusData
    ModbusLibcls.regval = ModbusLibcls.instrument.read_registers(0, 7)
                          ^^^^^^^^^^^^^^^^^^^^^^^^^^^^^^^^^^^^^^
AttributeError: 'NoneType' object has no attribute 'read_registers'

2026-01-14 09:19:27 ERROR ReadModbusData(119) ReadModbusData: 'NoneType' object has no attribute 'read_registers'
Traceback (most recent call last):
  File "C:\Users\vchikkay\Desktop\Eejo\Eejo_Shivamogga _V2_AfterEvent_Updated_Py_Updated\Eejo\Lib\ModbusLib.py", line 104, in ReadModbusData
    ModbusLibcls.regval = ModbusLibcls.instrument.read_registers(0, 7)
                          ^^^^^^^^^^^^^^^^^^^^^^^^^^^^^^^^^^^^^^
AttributeError: 'NoneType' object has no attribute 'read_registers'

2026-01-14 09:19:27 ERROR ReadModbusData(119) ReadModbusData: 'NoneType' object has no attribute 'read_registers'
Traceback (most recent call last):
  File "C:\Users\vchikkay\Desktop\Eejo\Eejo_Shivamogga _V2_AfterEvent_Updated_Py_Updated\Eejo\Lib\ModbusLib.py", line 104, in ReadModbusData
    ModbusLibcls.regval = ModbusLibcls.instrument.read_registers(0, 7)
                          ^^^^^^^^^^^^^^^^^^^^^^^^^^^^^^^^^^^^^^
AttributeError: 'NoneType' object has no attribute 'read_registers'

2026-01-14 09:19:27 ERROR ReadModbusData(119) ReadModbusData: 'NoneType' object has no attribute 'read_registers'
Traceback (most recent call last):
  File "C:\Users\vchikkay\Desktop\Eejo\Eejo_Shivamogga _V2_AfterEvent_Updated_Py_Updated\Eejo\Lib\ModbusLib.py", line 104, in ReadModbusData
    ModbusLibcls.regval = ModbusLibcls.instrument.read_registers(0, 7)
                          ^^^^^^^^^^^^^^^^^^^^^^^^^^^^^^^^^^^^^^
AttributeError: 'NoneType' object has no attribute 'read_registers'

2026-01-14 09:19:27 ERROR ReadModbusData(119) ReadModbusData: 'NoneType' object has no attribute 'read_registers'
Traceback (most recent call last):
  File "C:\Users\vchikkay\Desktop\Eejo\Eejo_Shivamogga _V2_AfterEvent_Updated_Py_Updated\Eejo\Lib\ModbusLib.py", line 104, in ReadModbusData
    ModbusLibcls.regval = ModbusLibcls.instrument.read_registers(0, 7)
                          ^^^^^^^^^^^^^^^^^^^^^^^^^^^^^^^^^^^^^^
AttributeError: 'NoneType' object has no attribute 'read_registers'

2026-01-14 09:19:27 ERROR ReadModbusData(119) ReadModbusData: 'NoneType' object has no attribute 'read_registers'
Traceback (most recent call last):
  File "C:\Users\vchikkay\Desktop\Eejo\Eejo_Shivamogga _V2_AfterEvent_Updated_Py_Updated\Eejo\Lib\ModbusLib.py", line 104, in ReadModbusData
    ModbusLibcls.regval = ModbusLibcls.instrument.read_registers(0, 7)
                          ^^^^^^^^^^^^^^^^^^^^^^^^^^^^^^^^^^^^^^
AttributeError: 'NoneType' object has no attribute 'read_registers'

2026-01-14 09:19:27 ERROR ReadModbusData(119) ReadModbusData: 'NoneType' object has no attribute 'read_registers'
Traceback (most recent call last):
  File "C:\Users\vchikkay\Desktop\Eejo\Eejo_Shivamogga _V2_AfterEvent_Updated_Py_Updated\Eejo\Lib\ModbusLib.py", line 104, in ReadModbusData
    ModbusLibcls.regval = ModbusLibcls.instrument.read_registers(0, 7)
                          ^^^^^^^^^^^^^^^^^^^^^^^^^^^^^^^^^^^^^^
AttributeError: 'NoneType' object has no attribute 'read_registers'

2026-01-14 09:19:27 ERROR ReadModbusData(119) ReadModbusData: 'NoneType' object has no attribute 'read_registers'
Traceback (most recent call last):
  File "C:\Users\vchikkay\Desktop\Eejo\Eejo_Shivamogga _V2_AfterEvent_Updated_Py_Updated\Eejo\Lib\ModbusLib.py", line 104, in ReadModbusData
    ModbusLibcls.regval = ModbusLibcls.instrument.read_registers(0, 7)
                          ^^^^^^^^^^^^^^^^^^^^^^^^^^^^^^^^^^^^^^
AttributeError: 'NoneType' object has no attribute 'read_registers'

2026-01-14 09:19:27 ERROR ReadModbusData(119) ReadModbusData: 'NoneType' object has no attribute 'read_registers'
Traceback (most recent call last):
  File "C:\Users\vchikkay\Desktop\Eejo\Eejo_Shivamogga _V2_AfterEvent_Updated_Py_Updated\Eejo\Lib\ModbusLib.py", line 104, in ReadModbusData
    ModbusLibcls.regval = ModbusLibcls.instrument.read_registers(0, 7)
                          ^^^^^^^^^^^^^^^^^^^^^^^^^^^^^^^^^^^^^^
AttributeError: 'NoneType' object has no attribute 'read_registers'

2026-01-14 09:19:27 ERROR ReadModbusData(119) ReadModbusData: 'NoneType' object has no attribute 'read_registers'
Traceback (most recent call last):
  File "C:\Users\vchikkay\Desktop\Eejo\Eejo_Shivamogga _V2_AfterEvent_Updated_Py_Updated\Eejo\Lib\ModbusLib.py", line 104, in ReadModbusData
    ModbusLibcls.regval = ModbusLibcls.instrument.read_registers(0, 7)
                          ^^^^^^^^^^^^^^^^^^^^^^^^^^^^^^^^^^^^^^
AttributeError: 'NoneType' object has no attribute 'read_registers'

2026-01-14 09:19:28 ERROR ReadModbusData(119) ReadModbusData: 'NoneType' object has no attribute 'read_registers'
Traceback (most recent call last):
  File "C:\Users\vchikkay\Desktop\Eejo\Eejo_Shivamogga _V2_AfterEvent_Updated_Py_Updated\Eejo\Lib\ModbusLib.py", line 104, in ReadModbusData
    ModbusLibcls.regval = ModbusLibcls.instrument.read_registers(0, 7)
                          ^^^^^^^^^^^^^^^^^^^^^^^^^^^^^^^^^^^^^^
AttributeError: 'NoneType' object has no attribute 'read_registers'

2026-01-14 09:19:28 ERROR ReadModbusData(119) ReadModbusData: 'NoneType' object has no attribute 'read_registers'
Traceback (most recent call last):
  File "C:\Users\vchikkay\Desktop\Eejo\Eejo_Shivamogga _V2_AfterEvent_Updated_Py_Updated\Eejo\Lib\ModbusLib.py", line 104, in ReadModbusData
    ModbusLibcls.regval = ModbusLibcls.instrument.read_registers(0, 7)
                          ^^^^^^^^^^^^^^^^^^^^^^^^^^^^^^^^^^^^^^
AttributeError: 'NoneType' object has no attribute 'read_registers'

2026-01-14 09:19:46 ERROR ReadModbusData(119) ReadModbusData: 'NoneType' object has no attribute 'read_registers'
Traceback (most recent call last):
  File "C:\Users\vchikkay\Desktop\Eejo\Eejo_Shivamogga _V2_AfterEvent_Updated_Py_Updated\Eejo\Lib\ModbusLib.py", line 104, in ReadModbusData
    ModbusLibcls.regval = ModbusLibcls.instrument.read_registers(0, 7)
                          ^^^^^^^^^^^^^^^^^^^^^^^^^^^^^^^^^^^^^^
AttributeError: 'NoneType' object has no attribute 'read_registers'

2026-01-14 09:19:46 INFO control_loop(213) control_loop: Waiting to start next heat
2026-01-14 09:19:46 INFO control_loop(225) control_loop: Loaded Heat 100_IM_G01_G_1
2026-01-14 09:19:46 INFO prepare_heat(126) Board 0 mapped to MODSwitchBits index 6
2026-01-14 09:19:46 INFO prepare_heat(126) Board 1 mapped to MODSwitchBits index 7
2026-01-14 09:19:46 INFO prepare_heat(126) Board 2 mapped to MODSwitchBits index 3
2026-01-14 09:19:46 INFO prepare_heat(126) Board 3 mapped to MODSwitchBits index 22
2026-01-14 09:19:46 INFO prepare_heat(126) Board 4 mapped to MODSwitchBits index -1
2026-01-14 09:19:47 ERROR ReadModbusData(119) ReadModbusData: 'NoneType' object has no attribute 'read_registers'
Traceback (most recent call last):
  File "C:\Users\vchikkay\Desktop\Eejo\Eejo_Shivamogga _V2_AfterEvent_Updated_Py_Updated\Eejo\Lib\ModbusLib.py", line 104, in ReadModbusData
    ModbusLibcls.regval = ModbusLibcls.instrument.read_registers(0, 7)
                          ^^^^^^^^^^^^^^^^^^^^^^^^^^^^^^^^^^^^^^
AttributeError: 'NoneType' object has no attribute 'read_registers'

2026-01-14 09:19:50 ERROR ReadModbusData(119) ReadModbusData: 'NoneType' object has no attribute 'read_registers'
Traceback (most recent call last):
  File "C:\Users\vchikkay\Desktop\Eejo\Eejo_Shivamogga _V2_AfterEvent_Updated_Py_Updated\Eejo\Lib\ModbusLib.py", line 104, in ReadModbusData
    ModbusLibcls.regval = ModbusLibcls.instrument.read_registers(0, 7)
                          ^^^^^^^^^^^^^^^^^^^^^^^^^^^^^^^^^^^^^^
AttributeError: 'NoneType' object has no attribute 'read_registers'

2026-01-14 09:19:50 ERROR ReadModbusData(119) ReadModbusData: 'NoneType' object has no attribute 'read_registers'
Traceback (most recent call last):
  File "C:\Users\vchikkay\Desktop\Eejo\Eejo_Shivamogga _V2_AfterEvent_Updated_Py_Updated\Eejo\Lib\ModbusLib.py", line 104, in ReadModbusData
    ModbusLibcls.regval = ModbusLibcls.instrument.read_registers(0, 7)
                          ^^^^^^^^^^^^^^^^^^^^^^^^^^^^^^^^^^^^^^
AttributeError: 'NoneType' object has no attribute 'read_registers'

2026-01-14 09:19:52 ERROR ReadModbusData(119) ReadModbusData: 'NoneType' object has no attribute 'read_registers'
Traceback (most recent call last):
  File "C:\Users\vchikkay\Desktop\Eejo\Eejo_Shivamogga _V2_AfterEvent_Updated_Py_Updated\Eejo\Lib\ModbusLib.py", line 104, in ReadModbusData
    ModbusLibcls.regval = ModbusLibcls.instrument.read_registers(0, 7)
                          ^^^^^^^^^^^^^^^^^^^^^^^^^^^^^^^^^^^^^^
AttributeError: 'NoneType' object has no attribute 'read_registers'

2026-01-14 09:19:52 ERROR ReadModbusData(119) ReadModbusData: 'NoneType' object has no attribute 'read_registers'
Traceback (most recent call last):
  File "C:\Users\vchikkay\Desktop\Eejo\Eejo_Shivamogga _V2_AfterEvent_Updated_Py_Updated\Eejo\Lib\ModbusLib.py", line 104, in ReadModbusData
    ModbusLibcls.regval = ModbusLibcls.instrument.read_registers(0, 7)
                          ^^^^^^^^^^^^^^^^^^^^^^^^^^^^^^^^^^^^^^
AttributeError: 'NoneType' object has no attribute 'read_registers'

2026-01-14 09:19:52 ERROR ReadModbusData(119) ReadModbusData: 'NoneType' object has no attribute 'read_registers'
Traceback (most recent call last):
  File "C:\Users\vchikkay\Desktop\Eejo\Eejo_Shivamogga _V2_AfterEvent_Updated_Py_Updated\Eejo\Lib\ModbusLib.py", line 104, in ReadModbusData
    ModbusLibcls.regval = ModbusLibcls.instrument.read_registers(0, 7)
                          ^^^^^^^^^^^^^^^^^^^^^^^^^^^^^^^^^^^^^^
AttributeError: 'NoneType' object has no attribute 'read_registers'

2026-01-14 09:19:52 ERROR ReadModbusData(119) ReadModbusData: 'NoneType' object has no attribute 'read_registers'
Traceback (most recent call last):
  File "C:\Users\vchikkay\Desktop\Eejo\Eejo_Shivamogga _V2_AfterEvent_Updated_Py_Updated\Eejo\Lib\ModbusLib.py", line 104, in ReadModbusData
    ModbusLibcls.regval = ModbusLibcls.instrument.read_registers(0, 7)
                          ^^^^^^^^^^^^^^^^^^^^^^^^^^^^^^^^^^^^^^
AttributeError: 'NoneType' object has no attribute 'read_registers'

2026-01-14 09:19:52 ERROR ReadModbusData(119) ReadModbusData: 'NoneType' object has no attribute 'read_registers'
Traceback (most recent call last):
  File "C:\Users\vchikkay\Desktop\Eejo\Eejo_Shivamogga _V2_AfterEvent_Updated_Py_Updated\Eejo\Lib\ModbusLib.py", line 104, in ReadModbusData
    ModbusLibcls.regval = ModbusLibcls.instrument.read_registers(0, 7)
                          ^^^^^^^^^^^^^^^^^^^^^^^^^^^^^^^^^^^^^^
AttributeError: 'NoneType' object has no attribute 'read_registers'

2026-01-14 09:19:52 ERROR ReadModbusData(119) ReadModbusData: 'NoneType' object has no attribute 'read_registers'
Traceback (most recent call last):
  File "C:\Users\vchikkay\Desktop\Eejo\Eejo_Shivamogga _V2_AfterEvent_Updated_Py_Updated\Eejo\Lib\ModbusLib.py", line 104, in ReadModbusData
    ModbusLibcls.regval = ModbusLibcls.instrument.read_registers(0, 7)
                          ^^^^^^^^^^^^^^^^^^^^^^^^^^^^^^^^^^^^^^
AttributeError: 'NoneType' object has no attribute 'read_registers'

2026-01-14 09:19:52 ERROR ReadModbusData(119) ReadModbusData: 'NoneType' object has no attribute 'read_registers'
Traceback (most recent call last):
  File "C:\Users\vchikkay\Desktop\Eejo\Eejo_Shivamogga _V2_AfterEvent_Updated_Py_Updated\Eejo\Lib\ModbusLib.py", line 104, in ReadModbusData
    ModbusLibcls.regval = ModbusLibcls.instrument.read_registers(0, 7)
                          ^^^^^^^^^^^^^^^^^^^^^^^^^^^^^^^^^^^^^^
AttributeError: 'NoneType' object has no attribute 'read_registers'

2026-01-14 09:19:52 ERROR ReadModbusData(119) ReadModbusData: 'NoneType' object has no attribute 'read_registers'
Traceback (most recent call last):
  File "C:\Users\vchikkay\Desktop\Eejo\Eejo_Shivamogga _V2_AfterEvent_Updated_Py_Updated\Eejo\Lib\ModbusLib.py", line 104, in ReadModbusData
    ModbusLibcls.regval = ModbusLibcls.instrument.read_registers(0, 7)
                          ^^^^^^^^^^^^^^^^^^^^^^^^^^^^^^^^^^^^^^
AttributeError: 'NoneType' object has no attribute 'read_registers'

2026-01-14 09:19:52 ERROR ReadModbusData(119) ReadModbusData: 'NoneType' object has no attribute 'read_registers'
Traceback (most recent call last):
  File "C:\Users\vchikkay\Desktop\Eejo\Eejo_Shivamogga _V2_AfterEvent_Updated_Py_Updated\Eejo\Lib\ModbusLib.py", line 104, in ReadModbusData
    ModbusLibcls.regval = ModbusLibcls.instrument.read_registers(0, 7)
                          ^^^^^^^^^^^^^^^^^^^^^^^^^^^^^^^^^^^^^^
AttributeError: 'NoneType' object has no attribute 'read_registers'

2026-01-14 09:19:52 ERROR ReadModbusData(119) ReadModbusData: 'NoneType' object has no attribute 'read_registers'
Traceback (most recent call last):
  File "C:\Users\vchikkay\Desktop\Eejo\Eejo_Shivamogga _V2_AfterEvent_Updated_Py_Updated\Eejo\Lib\ModbusLib.py", line 104, in ReadModbusData
    ModbusLibcls.regval = ModbusLibcls.instrument.read_registers(0, 7)
                          ^^^^^^^^^^^^^^^^^^^^^^^^^^^^^^^^^^^^^^
AttributeError: 'NoneType' object has no attribute 'read_registers'

2026-01-14 09:19:52 ERROR ReadModbusData(119) ReadModbusData: 'NoneType' object has no attribute 'read_registers'
Traceback (most recent call last):
  File "C:\Users\vchikkay\Desktop\Eejo\Eejo_Shivamogga _V2_AfterEvent_Updated_Py_Updated\Eejo\Lib\ModbusLib.py", line 104, in ReadModbusData
    ModbusLibcls.regval = ModbusLibcls.instrument.read_registers(0, 7)
                          ^^^^^^^^^^^^^^^^^^^^^^^^^^^^^^^^^^^^^^
AttributeError: 'NoneType' object has no attribute 'read_registers'

2026-01-14 09:19:56 ERROR ReadModbusData(119) ReadModbusData: 'NoneType' object has no attribute 'read_registers'
Traceback (most recent call last):
  File "C:\Users\vchikkay\Desktop\Eejo\Eejo_Shivamogga _V2_AfterEvent_Updated_Py_Updated\Eejo\Lib\ModbusLib.py", line 104, in ReadModbusData
    ModbusLibcls.regval = ModbusLibcls.instrument.read_registers(0, 7)
                          ^^^^^^^^^^^^^^^^^^^^^^^^^^^^^^^^^^^^^^
AttributeError: 'NoneType' object has no attribute 'read_registers'

